id,name,gender,date_of_birth,email,city,date_created,status
1,Arnuad Heaney`,Male,2021-07-01,aheaney0@admin.ch,Bamut,2021-12-19T14:35:43Z,0
2,Maryjo Moncey,Female,2021-09-01,mmoncey1@engadget.com,Al Ḩaffah,2021-08-26T13:10:55Z,0
3,Mitch Sambath,Female,2021-08-06,msambath2@ning.com,Tranås,2021-07-30T22:50:13Z,0
4,Selig Boffin,Male,2021-06-17,sboffin3@si.edu,Yanzhao,2021-11-06T07:48:35Z,0
5,Brandyn Inman,Female,2021-07-11,binman4@tinyurl.com,Chebba,2021-02-23T04:57:19Z,1
6,Amery Wain,Male,2021-11-04,awain5@marriott.com,Beiwa,2021-07-16T15:44:46Z,1
7,Christalle Scandwright,Female,2021-09-23,cscandwright6@apache.org,Boevange-sur-Attert,2021-02-15T03:59:53Z,0
8,Glori Putt,Male,2021-12-23,gputt7@europa.eu,Shiye,2021-08-06T11:48:19Z,0
9,Dickie Mickan,Female,2021-06-21,dmickan8@cocolog-nifty.com,Sinop,2021-04-03T19:47:18Z,1
10,Aeriela Howship,Female,2021-10-01,ahowship9@eventbrite.com,Kawangu,2021-10-08T01:53:42Z,0
11,Garrott Trevorrow,Male,2021-02-04,gtrevorrowa@cargocollective.com,Xiaojiangba,2021-10-05T21:05:50Z,1
12,Sylvan Weighell,Male,2021-06-06,sweighellb@ustream.tv,Abengourou,2021-02-18T16:02:41Z,0
13,Glyn Vassel,Male,2021-03-06,gvasselc@stanford.edu,Energodar,2021-05-14T14:28:42Z,0
14,Courtenay Colvine,Female,2021-07-21,ccolvined@forbes.com,Ntaur Satu,2021-11-03T10:41:12Z,0
15,Baxter De Ferrari,Female,2021-07-02,bdee@chron.com,Tudela,2021-12-19T08:07:25Z,1
16,Nickola Osmon,Male,2021-06-26,nosmonf@blog.com,Sumuran,2021-08-27T05:11:57Z,0
17,Celina Hess,Male,2021-07-28,chessg@printfriendly.com,Couço,2021-02-01T11:24:49Z,0
18,Zollie Turmell,Female,2021-08-21,zturmellh@un.org,Dubreuil,2021-07-22T22:38:25Z,1
19,Salvador Durnell,Male,2021-03-11,sdurnelli@gov.uk,Mabilog,2021-08-21T01:33:08Z,0
20,Annissa Cherry,Male,2021-01-13,acherryj@go.com,Borzęcin,2021-04-24T23:32:21Z,1
21,Maggy Averies,Male,2021-04-30,maveriesk@geocities.jp,Waitun,2021-06-10T18:00:11Z,1
22,Miranda Bownd,Female,2021-04-10,mbowndl@etsy.com,Mezinovskiy,2021-09-19T01:03:15Z,0
23,Odette Skahill,Female,2021-05-28,oskahillm@illinois.edu,Soledar,2021-02-14T08:59:25Z,0
24,Thatcher Wythill,Female,2021-06-20,twythilln@netvibes.com,Carcassonne,2021-06-22T05:51:36Z,1
25,Golda Grass,Female,2021-12-12,ggrasso@xinhuanet.com,Tyvriv,2021-08-21T01:16:00Z,1
26,Birgit Brokenshaw,Female,2021-04-24,bbrokenshawp@twitter.com,Paccho,2021-05-11T14:15:31Z,0
27,Quintana Stitcher,Female,2021-09-12,qstitcherq@etsy.com,Ngoc Hon Doc,2021-04-10T09:46:09Z,1
28,Modestine Luebbert,Female,2021-05-04,mluebbertr@wikia.com,Sokolov,2021-06-15T11:53:24Z,0
29,Mayor Feare,Male,2021-03-18,mfeares@tumblr.com,Huagu,2021-02-05T11:01:15Z,1
30,Onfroi Moakson,Male,2021-03-11,omoaksont@microsoft.com,Alexandria,2021-10-28T02:38:24Z,1
31,Stephi Prenty,Male,2021-08-19,sprentyu@icq.com,Oebatu,2021-12-27T02:50:26Z,0
32,Anny Rubinchik,Male,2021-11-10,arubinchikv@house.gov,Satita,2021-06-09T16:11:24Z,0
33,Walker Lathaye,Male,2021-01-21,wlathayew@acquirethisname.com,Shengli,2021-08-07T04:02:38Z,0
34,Elaine Djekic,Female,2021-10-27,edjekicx@dyndns.org,Ncue,2021-12-01T21:26:26Z,0
35,Bessie Gettins,Female,2021-10-11,bgettinsy@instagram.com,Snegiri,2021-03-06T22:30:23Z,1
36,Diahann Currie,Female,2021-02-10,dcurriez@hostgator.com,Bălţi,2021-02-02T12:29:09Z,1
37,Hamish Cowoppe,Female,2021-07-01,hcowoppe10@psu.edu,Porto-Novo,2021-12-03T12:33:27Z,0
38,Celisse Brear,Female,2021-01-05,cbrear11@networksolutions.com,Tallbīsah,2021-07-17T06:00:41Z,1
39,Sharona Saltmarsh,Male,2021-07-01,ssaltmarsh12@businesswire.com,Lukovë,2021-04-25T10:43:54Z,0
40,Zsazsa Nicolls,Female,2021-01-13,znicolls13@photobucket.com,Luwan,2021-05-15T17:17:01Z,0
41,Brodie Radsdale,Female,2021-05-02,bradsdale14@reference.com,Yuyang,2021-04-08T00:44:55Z,1
42,Filbert Chestle,Male,2021-05-14,fchestle15@cdc.gov,Alvalade,2021-07-27T21:13:19Z,0
43,Barbabas Pynn,Female,2021-03-26,bpynn16@auda.org.au,Babakanjaya,2021-11-10T15:15:28Z,1
44,Geraldine Creus,Female,2021-07-18,gcreus17@gizmodo.com,Oslo,2021-05-17T21:19:11Z,1
45,Sukey St. Quintin,Female,2021-01-31,sst18@seesaa.net,Andaray,2021-03-30T22:02:21Z,1
46,Rikki Yandell,Female,2021-06-25,ryandell19@weather.com,Ryazanskaya,2021-05-14T07:21:14Z,0
47,Marjory Greendale,Male,2021-02-28,mgreendale1a@springer.com,Tintafor,2021-07-20T03:06:04Z,0
48,Ethelda Janic,Female,2021-01-20,ejanic1b@hhs.gov,Dordrecht,2021-04-20T07:18:07Z,1
49,Marita Mackneis,Female,2021-03-06,mmackneis1c@networksolutions.com,Haikou,2021-11-09T01:19:35Z,1
50,Virginie Benton,Male,2021-04-09,vbenton1d@webs.com,Prainha de Baixo,2021-03-28T10:37:14Z,0
51,Ferdinand Gooch,Female,2021-11-03,fgooch1e@epa.gov,Cijapar,2021-04-06T12:06:13Z,0
52,Betta Brome,Male,2021-03-25,bbrome1f@businessinsider.com,Novo,2021-07-08T03:57:10Z,0
53,Karlen Cotta,Female,2021-08-17,kcotta1g@1und1.de,Lamongan,2021-09-29T20:01:52Z,0
54,Jarad Rasmus,Male,2021-07-23,jrasmus1h@comsenz.com,Luokeng,2021-10-07T20:38:23Z,0
55,Hugibert Urwin,Male,2021-04-24,hurwin1i@bloglines.com,Stockholm,2021-05-24T19:02:15Z,0
56,Jayme Hexam,Male,2021-12-27,jhexam1j@wired.com,Hässleholm,2021-09-30T22:22:52Z,0
57,Delaney Richmond,Female,2021-05-10,drichmond1k@chron.com,Tallaght,2021-08-07T00:43:46Z,0
58,Hussein Yeiles,Female,2021-11-23,hyeiles1l@ameblo.jp,Ujsoły,2021-01-30T07:31:08Z,1
59,Wilma Polleye,Female,2021-10-28,wpolleye1m@networksolutions.com,Northern Suburbs Mc,2021-01-12T12:12:32Z,0
60,Lem Swannie,Female,2021-12-11,lswannie1n@reddit.com,Sydney,2021-12-24T13:50:39Z,1
61,Eydie Custance,Female,2021-01-02,ecustance1o@qq.com,Melipilla,2021-07-12T17:31:26Z,0
62,Eadie De Carteret,Male,2021-08-24,ede1p@dagondesign.com,Katori-shi,2021-02-13T07:05:08Z,0
63,Gale Radoux,Male,2021-06-16,gradoux1q@bloomberg.com,Minbu,2021-04-19T15:31:26Z,1
64,Laurene Shirtcliffe,Female,2021-10-11,lshirtcliffe1r@com.com,Warburton,2021-07-11T15:10:05Z,1
65,Myrtia Cleminson,Female,2021-11-21,mcleminson1s@washingtonpost.com,Oslo,2021-11-08T00:02:04Z,0
66,Christi De Gogay,Male,2021-05-29,cde1t@wunderground.com,Cankuzo,2021-11-28T01:48:31Z,0
67,Tamra Broadist,Male,2021-09-21,tbroadist1u@storify.com,Ladário,2021-10-29T10:06:25Z,1
68,Bert Bonnette,Male,2021-05-14,bbonnette1v@whitehouse.gov,Dawang,2021-01-24T20:10:38Z,1
69,Winifield Muskett,Female,2021-10-16,wmuskett1w@ftc.gov,Berlin,2021-12-10T08:30:33Z,1
70,Letisha Volks,Female,2021-06-23,lvolks1x@redcross.org,Lyaskovets,2021-07-14T10:39:59Z,0
71,Ealasaid Wellan,Female,2021-03-16,ewellan1y@tamu.edu,Karabash,2021-07-15T14:11:32Z,0
72,Florina Pestor,Female,2021-01-29,fpestor1z@dion.ne.jp,Străşeni,2021-10-20T05:21:17Z,0
73,Karlen Hernik,Female,2021-09-30,khernik20@vinaora.com,Tohong,2021-04-27T02:03:04Z,1
74,Armstrong Edwins,Female,2021-09-03,aedwins21@multiply.com,Montijo,2021-05-26T16:23:02Z,0
75,Yolane Conti,Female,2021-01-18,yconti22@newyorker.com,Itaqui,2021-10-14T18:54:08Z,0
76,Kenyon Bearward,Male,2021-08-15,kbearward23@narod.ru,Wawer,2021-04-24T03:35:38Z,1
77,Tami Ewbanks,Male,2021-08-24,tewbanks24@narod.ru,Danilov,2021-08-28T12:06:54Z,0
78,Ethelda Bartomieu,Male,2021-06-17,ebartomieu25@webs.com,Punta Cana,2021-04-29T17:25:38Z,1
79,Tamera Myhan,Female,2021-07-13,tmyhan26@arizona.edu,Belén de los Andaquíes,2021-01-19T18:18:13Z,1
80,Noreen Witard,Female,2021-10-11,nwitard27@dmoz.org,Zengtian,2021-01-20T09:29:28Z,0
81,Elysia Choke,Male,2021-11-16,echoke28@reuters.com,Kuressaare,2021-10-05T11:47:35Z,0
82,Greg Croyden,Female,2021-04-01,gcroyden29@scribd.com,Tielu,2021-10-06T03:08:10Z,0
83,Bridie Rollinshaw,Male,2021-12-24,brollinshaw2a@usnews.com,Canaman,2021-11-13T03:09:59Z,1
84,Loria Deniset,Male,2021-01-26,ldeniset2b@friendfeed.com,Malo,2021-02-19T18:04:40Z,0
85,Lanie Pimlett,Male,2021-01-02,lpimlett2c@meetup.com,Primošten,2021-06-16T23:32:57Z,0
86,Julius Balmforth,Male,2021-03-28,jbalmforth2d@phpbb.com,Stavropol’,2021-01-29T01:30:34Z,1
87,Nicolette Parcell,Male,2021-01-11,nparcell2e@behance.net,Negeriagung,2021-03-12T23:34:19Z,1
88,Frankie Simonett,Female,2021-04-23,fsimonett2f@tripadvisor.com,Mene de Mauroa,2021-05-28T14:41:34Z,0
89,Kerrie Dumigan,Female,2021-01-10,kdumigan2g@ca.gov,Oslo,2021-03-19T19:51:02Z,1
90,Amber Endean,Male,2021-07-26,aendean2h@ask.com,Noşratābād,2021-11-29T10:47:35Z,1
91,Ivie Peachey,Female,2021-04-12,ipeachey2i@blog.com,Vendychany,2021-02-16T22:44:59Z,1
92,Dante Bentame,Male,2021-07-09,dbentame2j@sohu.com,Kalawit,2021-08-27T21:02:40Z,1
93,Lonnard Dollar,Female,2021-08-17,ldollar2k@sogou.com,Yongping,2020-12-29T18:38:04Z,0
94,Lanie Lutton,Female,2021-05-18,llutton2l@yahoo.co.jp,Xincheng,2021-12-20T23:03:53Z,1
95,Vladamir Alps,Female,2021-01-31,valps2m@seattletimes.com,Dazhou,2021-10-31T22:30:03Z,1
96,Lynn Brighty,Female,2021-12-15,lbrighty2n@51.la,Clisson,2021-06-15T12:18:09Z,0
97,Kristina McKeaveney,Female,2021-12-06,kmckeaveney2o@netvibes.com,Pasinan Barat,2021-02-14T00:32:47Z,1
98,Jocelyn Chesters,Female,2021-05-10,jchesters2p@feedburner.com,Ngulahan,2021-01-13T14:55:22Z,1
99,Shirl Sipson,Female,2021-05-19,ssipson2q@facebook.com,Semerak,2021-10-23T13:31:10Z,1
100,Jilly McGillreich,Male,2021-04-28,jmcgillreich2r@tinyurl.com,Nynäshamn,2021-08-29T21:58:50Z,0
101,Waring Maudlin,Female,2021-10-01,wmaudlin2s@home.pl,Cruzeiro do Sul,2021-03-03T12:25:51Z,1
102,Tessa Grocock,Male,2021-04-25,tgrocock2t@google.com.hk,Paris 16,2021-12-08T09:24:33Z,0
103,Nikolos Ackenson,Female,2021-09-05,nackenson2u@walmart.com,Selaphum,2021-04-09T01:54:21Z,1
104,Caresse Kempson,Female,2021-02-15,ckempson2v@comsenz.com,Mönhbulag,2021-10-16T13:16:18Z,0
105,Gallagher Josephy,Female,2021-01-01,gjosephy2w@dedecms.com,Santa Eulalia,2021-10-07T15:54:54Z,0
106,Boniface MacGahey,Female,2021-12-27,bmacgahey2x@bravesites.com,Bakov nad Jizerou,2021-07-19T22:42:14Z,1
107,Fremont Newarte,Male,2021-03-19,fnewarte2y@slashdot.org,Zalewo,2021-06-27T22:29:34Z,1
108,Arie McGarrie,Female,2021-03-23,amcgarrie2z@cmu.edu,Jīsh,2021-08-17T10:02:11Z,1
109,Geoffrey Wellan,Male,2021-11-24,gwellan30@barnesandnoble.com,La Curva,2021-06-08T10:39:10Z,0
110,Zacharia Matyukon,Male,2021-04-26,zmatyukon31@bloomberg.com,Pergan,2021-05-23T19:26:17Z,1
111,Bent Northing,Female,2021-08-02,bnorthing32@myspace.com,Montevista,2021-06-01T20:55:22Z,1
112,Randall Gadaud,Male,2021-09-01,rgadaud33@unicef.org,Haoyi,2021-03-17T07:11:11Z,1
113,Lyn Elwyn,Male,2021-08-09,lelwyn34@google.nl,Pyetrykaw,2021-01-15T13:12:30Z,0
114,Doralia Abramowitz,Male,2021-05-25,dabramowitz35@ning.com,Gununggoong,2021-05-06T11:18:46Z,1
115,Adan Newarte,Female,2021-08-31,anewarte36@indiegogo.com,Kristiansund N,2021-06-17T20:15:32Z,1
116,Loree Edeler,Female,2021-08-27,ledeler37@pbs.org,Goundi,2021-01-19T14:13:44Z,0
117,Aleda Ayris,Male,2021-09-10,aayris38@shinystat.com,Lama,2021-03-28T07:35:35Z,1
118,Katrine Nehl,Male,2021-11-18,knehl39@cnbc.com,Biryukove,2021-11-03T22:39:44Z,1
119,Melisa Everiss,Female,2021-09-06,meveriss3a@vistaprint.com,Qaxa,2021-05-30T18:43:51Z,1
120,Cristal Cestard,Female,2021-03-06,ccestard3b@apache.org,Belén de Escobar,2021-07-24T16:12:51Z,0
121,Jamie Timeby,Female,2021-01-05,jtimeby3c@businessweek.com,Cabinda,2021-05-21T04:01:57Z,1
122,Randie Nutting,Male,2021-01-03,rnutting3d@multiply.com,Buzdyak,2021-12-26T17:32:40Z,1
123,Lorettalorna McMullen,Female,2021-11-02,lmcmullen3e@hud.gov,Jinzipai,2021-12-21T09:39:55Z,0
124,Loren Gilhool,Male,2021-06-06,lgilhool3f@squidoo.com,Ganjun,2021-08-21T17:44:51Z,1
125,Odelle Bickerton,Male,2021-09-14,obickerton3g@gizmodo.com,Shalinskoye,2021-09-21T18:47:58Z,1
126,Kandace Nilles,Female,2021-09-18,knilles3h@fastcompany.com,Huaranchal,2021-11-01T14:25:57Z,0
127,Shaun Towl,Male,2021-09-03,stowl3i@marketwatch.com,Xiaqiao,2021-12-02T23:35:19Z,1
128,Dori Laity,Female,2021-06-18,dlaity3j@princeton.edu,Vasylkiv,2021-05-09T16:45:29Z,1
129,Bonita Kitchingman,Male,2021-01-26,bkitchingman3k@icq.com,Hongshi,2021-07-18T00:22:22Z,1
130,Essie Knowlton,Female,2021-01-09,eknowlton3l@lycos.com,Kota Kinabalu,2021-07-25T06:37:42Z,0
131,Analise Daish,Male,2021-05-04,adaish3m@themeforest.net,Shangjie,2021-10-15T05:32:42Z,1
132,Antonetta Myrick,Male,2021-09-26,amyrick3n@stumbleupon.com,Calais,2021-10-11T17:53:12Z,1
133,Reube Diggin,Male,2021-02-02,rdiggin3o@oaic.gov.au,Verrettes,2021-01-23T21:08:36Z,1
134,Aldric Birtonshaw,Male,2021-01-26,abirtonshaw3p@ezinearticles.com,Lam Sonthi,2021-09-26T20:21:42Z,1
135,Marilee Mintoff,Female,2021-04-25,mmintoff3q@histats.com,Sinjār,2021-06-29T14:39:54Z,1
136,Jessee Alessandrucci,Female,2021-10-16,jalessandrucci3r@phoca.cz,Al Khawkhah,2021-03-10T07:41:19Z,1
137,Chas Illingsworth,Male,2021-01-15,cillingsworth3s@quantcast.com,Hekou,2021-10-14T13:57:05Z,1
138,Aldin Danieli,Female,2021-11-23,adanieli3t@fda.gov,Sarnów,2021-10-06T15:27:53Z,1
139,Zita Carnegie,Female,2021-10-17,zcarnegie3u@si.edu,Sever do Vouga,2021-09-11T22:30:54Z,1
140,Colman Caghan,Female,2021-02-01,ccaghan3v@patch.com,Borovskiy,2021-04-18T13:16:02Z,1
141,Shela Quinton,Female,2021-11-12,squinton3w@dailymotion.com,Pārūn,2021-08-11T10:38:00Z,0
142,Garik Benian,Male,2021-09-28,gbenian3x@cam.ac.uk,Krajan,2021-06-01T22:13:35Z,1
143,Lynelle Leport,Male,2021-11-04,lleport3y@fastcompany.com,Inglewood,2021-06-30T11:41:31Z,1
144,Flo Curling,Male,2021-02-17,fcurling3z@redcross.org,Guayabo Dulce,2021-09-15T11:21:37Z,1
145,Shani Brosini,Male,2021-03-21,sbrosini40@si.edu,Qishn,2021-07-20T09:57:42Z,1
146,Lulita Coggill,Female,2021-04-18,lcoggill41@example.com,Pagsabangan,2021-03-24T22:02:51Z,1
147,Corette Iddens,Male,2021-12-12,ciddens42@tinyurl.com,Jermenovci,2021-10-30T00:18:16Z,1
148,Belle Davy,Female,2021-08-26,bdavy43@ask.com,Tianyuan,2021-07-31T08:20:45Z,0
149,Morna Guenther,Female,2021-07-12,mguenther44@baidu.com,Clermont-Ferrand,2021-06-19T22:16:55Z,0
150,Corri Scimonelli,Male,2021-12-23,cscimonelli45@craigslist.org,Atami,2021-01-20T05:30:17Z,1
151,Michaeline Artinstall,Female,2021-02-15,martinstall46@miitbeian.gov.cn,Pinrang,2021-02-18T01:30:17Z,0
152,Cazzie Randleson,Female,2021-11-15,crandleson47@webeden.co.uk,Göteborg,2021-12-20T01:02:06Z,1
153,Guglielmo Vasnetsov,Female,2021-07-15,gvasnetsov48@marriott.com,Comé,2021-03-16T01:46:22Z,1
154,Catrina Digginson,Female,2021-05-30,cdigginson49@pinterest.com,Saldanha,2021-02-27T10:35:42Z,0
155,Yalonda Huckabe,Male,2021-01-05,yhuckabe4a@addtoany.com,San Antonio,2021-08-24T17:43:03Z,0
156,Letizia Renney,Male,2021-02-15,lrenney4b@indiegogo.com,Guicheng,2020-12-28T05:44:46Z,1
157,Rodge Heam,Female,2021-03-16,rheam4c@blogspot.com,Matalam,2021-08-14T22:05:26Z,1
158,Jakob Nottingam,Male,2021-05-14,jnottingam4d@cnbc.com,Villanueva,2021-09-13T14:12:27Z,0
159,Phaidra Fishbourne,Female,2021-03-25,pfishbourne4e@fda.gov,Stony Hill,2021-07-25T14:40:17Z,0
160,Northrup Henri,Female,2021-04-01,nhenri4f@msu.edu,Knivsta,2021-05-25T14:07:58Z,1
161,Johannah Le Gall,Male,2021-12-15,jle4g@sciencedaily.com,San Jose,2021-04-21T09:18:22Z,0
162,Katrina Skillanders,Male,2021-11-10,kskillanders4h@guardian.co.uk,Kalebun,2021-06-28T18:10:09Z,1
163,Peggy Ellar,Female,2021-09-05,pellar4i@is.gd,Skänninge,2021-03-03T08:37:34Z,1
164,Wendy Battista,Female,2021-05-26,wbattista4j@paginegialle.it,Santa María de Caparo,2021-11-08T12:08:23Z,1
165,Forrester Minchell,Female,2021-08-06,fminchell4k@ezinearticles.com,Timezgana,2021-04-13T12:27:58Z,1
166,Monro Torrent,Female,2021-04-20,mtorrent4l@chron.com,Hexia,2021-06-16T01:04:31Z,0
167,Julee Aston,Male,2021-02-06,jaston4m@bbb.org,Sinfra,2021-12-21T04:30:27Z,0
168,Laurice Acreman,Male,2021-07-29,lacreman4n@squarespace.com,Marabá,2021-09-12T10:37:55Z,0
169,Dorey Klampk,Female,2021-10-04,dklampk4o@paginegialle.it,Tiniguiban,2021-01-11T23:44:30Z,0
170,Gifford Smitheman,Female,2021-07-01,gsmitheman4p@youtu.be,Ełk,2021-05-15T22:26:49Z,1
171,Wendy McLaverty,Male,2021-01-22,wmclaverty4q@printfriendly.com,São Sebastião do Caí,2021-08-07T10:56:55Z,0
172,Kellby Bauchop,Male,2021-03-02,kbauchop4r@cdbaby.com,Patrang,2021-04-12T21:51:59Z,1
173,Darby Tabard,Female,2021-10-28,dtabard4s@uol.com.br,Sukaratu,2021-10-11T22:10:04Z,0
174,Gloria Slocombe,Male,2021-11-05,gslocombe4t@pcworld.com,Florence,2021-11-28T20:57:54Z,0
175,Nathanial Endle,Male,2021-01-19,nendle4u@spiegel.de,Teresina,2021-12-25T19:43:21Z,0
176,Alberto Philimore,Female,2021-07-05,aphilimore4v@wordpress.org,Jiuguan,2021-10-15T04:12:04Z,0
177,Zsazsa Solomon,Male,2021-04-29,zsolomon4w@ow.ly,Oussivo,2021-02-16T13:10:03Z,0
178,Arturo Riquet,Male,2021-08-25,ariquet4x@google.com,Biltine,2021-10-19T08:30:30Z,1
179,Ardeen O'Mannion,Male,2021-07-23,aomannion4y@google.com,Sobue,2021-09-01T23:52:52Z,1
180,Ardith Denley,Male,2021-07-05,adenley4z@washingtonpost.com,Guayaquil,2021-04-17T10:50:11Z,1
181,Rinaldo Mortel,Female,2021-01-07,rmortel50@altervista.org,Mrągowo,2020-12-28T13:26:15Z,1
182,Grove Gumbley,Female,2021-01-14,ggumbley51@homestead.com,Naze,2021-08-01T02:08:55Z,1
183,Deerdre Dench,Female,2021-11-20,ddench52@ezinearticles.com,Václavovice,2021-01-16T03:25:56Z,0
184,Kelly Pantridge,Female,2021-04-14,kpantridge53@blogtalkradio.com,Golubac,2021-10-17T10:09:51Z,0
185,Florida Storms,Male,2021-03-04,fstorms54@w3.org,Terter,2021-01-22T01:15:23Z,1
186,Minnie McTurk,Female,2021-11-04,mmcturk55@vistaprint.com,Mahalapye,2021-10-18T07:37:50Z,1
187,Willard Dongles,Male,2021-08-02,wdongles56@vistaprint.com,Ereira,2021-08-13T14:07:54Z,0
188,Sven Oxtarby,Male,2021-11-06,soxtarby57@marketwatch.com,Lüderitz,2021-10-20T05:13:01Z,0
189,Ellen Angear,Male,2021-07-24,eangear58@dropbox.com,Ankazoabo,2021-03-17T05:14:32Z,1
190,Stesha Gandrich,Male,2021-09-19,sgandrich59@cloudflare.com,Shuanglongchang,2021-04-01T02:36:38Z,0
191,Tiffanie Nelhams,Female,2021-03-18,tnelhams5a@myspace.com,Älvsjö,2021-08-10T17:17:26Z,1
192,Glenna Cruwys,Male,2021-07-27,gcruwys5b@bluehost.com,Sinfra,2021-01-07T21:30:52Z,1
193,Haleigh Hendron,Male,2021-06-01,hhendron5c@zimbio.com,Shikhazany,2021-06-25T19:11:52Z,0
194,Cecilia Saggs,Male,2021-08-16,csaggs5d@mac.com,Iaçu,2021-09-03T00:14:43Z,1
195,Zsazsa Cuthill,Male,2021-06-30,zcuthill5e@tuttocitta.it,Lapai,2021-07-16T21:24:44Z,1
196,Suzie Swigg,Male,2021-06-18,sswigg5f@chron.com,Fūman,2021-03-03T10:29:02Z,0
197,Laurianne Faulds,Male,2021-11-16,lfaulds5g@simplemachines.org,Acherítou,2021-12-25T07:56:11Z,0
198,Bliss Grooby,Female,2021-03-07,bgrooby5h@cbslocal.com,Gapuk,2021-03-31T07:38:10Z,1
199,Devon Brunstan,Male,2021-03-12,dbrunstan5i@artisteer.com,Salantai,2021-02-23T10:08:17Z,0
200,Tyrus McGlaughn,Female,2021-10-03,tmcglaughn5j@opensource.org,Ponte Nova,2021-04-15T10:24:34Z,0
201,Juline Haymes,Female,2021-05-24,jhaymes5k@cornell.edu,Volgograd,2021-03-17T10:16:11Z,0
202,Bibbie Ebbitt,Male,2021-03-08,bebbitt5l@comcast.net,Vahdat,2021-12-19T01:17:59Z,1
203,Adrienne Coverdill,Male,2021-06-12,acoverdill5m@goodreads.com,Rainis,2021-04-08T05:27:32Z,1
204,Skell Glayzer,Female,2021-03-26,sglayzer5n@slate.com,Khánh Hải,2021-05-09T22:20:10Z,1
205,Chelsea Schukraft,Female,2021-07-11,cschukraft5o@google.cn,Kloangrotat,2021-11-19T15:35:22Z,0
206,Crawford Yakunkin,Female,2021-04-14,cyakunkin5p@icq.com,Ar Rahad,2021-03-06T18:34:49Z,0
207,Jodie Osinin,Male,2021-05-26,josinin5q@skyrock.com,Akouda,2021-12-22T23:12:34Z,0
208,Hortense Gallacher,Female,2021-08-25,hgallacher5r@about.me,Zeleneč,2021-07-01T01:55:18Z,0
209,Zaneta Woolard,Male,2021-07-28,zwoolard5s@ihg.com,Talun,2021-03-12T03:51:27Z,0
210,Kris Spreag,Male,2021-07-04,kspreag5t@e-recht24.de,Hufang,2021-03-23T05:51:58Z,0
211,Roland Durand,Female,2021-05-09,rdurand5u@nytimes.com,El Águila,2021-08-15T22:04:31Z,1
212,Tamar Whiteoak,Female,2021-04-04,twhiteoak5v@google.nl,Al Fukhkhārī,2021-04-07T13:50:30Z,1
213,Baxy MacAnespie,Male,2021-12-26,bmacanespie5w@wikispaces.com,Ma Đa Gui,2021-09-10T20:04:02Z,1
214,Johannah Tappor,Male,2021-04-07,jtappor5x@usatoday.com,Gubkinskiy,2021-07-08T07:13:02Z,0
215,Alexandros Bolitho,Female,2021-09-27,abolitho5y@admin.ch,Pontevedra,2021-03-27T07:50:47Z,1
216,Charlie Tidman,Female,2021-06-25,ctidman5z@uol.com.br,Hongxi,2021-11-28T20:46:51Z,0
217,Adamo Kasperski,Male,2021-08-25,akasperski60@berkeley.edu,Du’ermenqin,2021-07-12T20:39:00Z,0
218,Stanislas Whitton,Male,2020-12-28,swhitton61@un.org,Carcar,2021-04-06T04:20:25Z,1
219,Nicky Bartolomeoni,Male,2021-12-21,nbartolomeoni62@spiegel.de,Miragaia,2021-10-28T22:25:09Z,1
220,Conway Rockell,Female,2021-06-07,crockell63@marriott.com,Oton,2021-02-06T23:21:56Z,0
221,Bayard Beardsley,Female,2021-03-23,bbeardsley64@usa.gov,Göteborg,2021-11-19T10:41:56Z,1
222,Cyb Hovel,Male,2021-11-12,chovel65@yale.edu,Alasmalang,2021-10-11T19:56:47Z,1
223,Dinnie Kadwallider,Male,2021-06-21,dkadwallider66@buzzfeed.com,Los Cóndores,2021-02-15T05:10:00Z,1
224,Sal Felstead,Female,2021-03-10,sfelstead67@dailymail.co.uk,Poitiers,2021-05-02T00:57:07Z,0
225,Layton Muzzollo,Female,2021-01-16,lmuzzollo68@yandex.ru,Јегуновце,2021-02-26T09:43:10Z,1
226,Madel Macy,Female,2021-07-07,mmacy69@taobao.com,Lijia,2021-04-19T09:26:20Z,1
227,Annabelle Bowley,Female,2021-12-03,abowley6a@addtoany.com,Cimongkor,2021-09-06T00:56:02Z,1
228,Tamera Ivanuschka,Female,2021-07-27,tivanuschka6b@princeton.edu,Jinji,2021-03-10T22:50:37Z,1
229,Omar Spray,Female,2021-05-13,ospray6c@ox.ac.uk,Moquegua,2021-08-30T00:27:09Z,1
230,Allan Tappin,Male,2021-05-06,atappin6d@bizjournals.com,Sishan,2021-10-31T04:24:22Z,1
231,Ester Bovaird,Male,2021-12-05,ebovaird6e@parallels.com,Andongwei,2021-06-01T04:08:01Z,0
232,Ella Heams,Male,2021-09-21,eheams6f@tiny.cc,Nanuque,2021-03-17T04:57:50Z,0
233,Lucie McClary,Male,2021-11-15,lmcclary6g@zdnet.com,Harstad,2021-05-23T03:41:25Z,1
234,Ossie Dallison,Female,2021-03-29,odallison6h@seesaa.net,Fredericton,2021-03-18T05:45:03Z,1
235,Deina Nouch,Female,2021-05-06,dnouch6i@wix.com,Kunmi Erdi,2021-05-31T10:41:54Z,1
236,Marcelle Degnen,Female,2020-12-31,mdegnen6j@nature.com,Serra da Boa Viagem,2021-04-03T04:25:35Z,0
237,Trina Laurenceau,Female,2021-11-01,tlaurenceau6k@foxnews.com,Rego de Água,2021-11-14T17:28:56Z,0
238,Derrick Perryman,Female,2021-03-22,dperryman6l@mysql.com,Aga,2021-05-28T12:40:52Z,1
239,Erv Skerm,Male,2021-10-04,eskerm6m@jalbum.net,Asia,2021-12-25T08:33:00Z,0
240,Conni Ixor,Male,2021-11-29,cixor6n@tripadvisor.com,Bandundu,2021-10-26T00:48:22Z,0
241,Sunny Draxford,Female,2021-11-19,sdraxford6o@google.ru,Muruy,2021-05-01T21:20:15Z,0
242,Oliy Bauldry,Male,2021-03-05,obauldry6p@addtoany.com,Hāla,2020-12-29T14:06:22Z,1
243,Smitty Corbridge,Male,2021-05-31,scorbridge6q@eepurl.com,Andahuaylillas,2021-07-05T13:00:17Z,1
244,Neil Lay,Male,2021-10-16,nlay6r@phoca.cz,Sison,2021-07-16T13:14:56Z,0
245,Micky Mottershaw,Female,2021-04-05,mmottershaw6s@ucla.edu,Huili Chengguanzhen,2021-03-15T08:16:33Z,1
246,Netty Plaster,Female,2021-04-14,nplaster6t@photobucket.com,Arjasari,2021-05-19T13:46:57Z,1
247,Bethena MacElharge,Female,2021-01-18,bmacelharge6u@phoca.cz,Nelahozeves,2021-08-03T12:37:58Z,0
248,Moyna Noble,Male,2021-02-12,mnoble6v@1688.com,Weibin,2021-01-26T18:26:17Z,1
249,Katha Stolze,Male,2021-10-08,kstolze6w@apache.org,Orahovica,2021-07-24T15:47:16Z,0
250,Ardith Prinett,Male,2021-05-07,aprinett6x@yahoo.co.jp,Władysławowo,2021-09-17T20:30:10Z,0
251,Jade Shawley,Female,2021-06-30,jshawley6y@wikispaces.com,Birmingham,2021-03-23T17:32:08Z,0
252,Montague Sparway,Female,2021-08-11,msparway6z@chron.com,Osasco,2021-10-05T15:36:52Z,0
253,Terrijo Sture,Female,2021-01-04,tsture70@google.fr,Guanta,2021-08-29T03:04:57Z,1
254,Westbrook Fallawe,Male,2021-10-10,wfallawe71@umn.edu,Sovetsk,2021-02-06T00:44:16Z,1
255,Walliw Chasemoore,Female,2021-12-23,wchasemoore72@irs.gov,Sv. Trojica v Slov. Goricah,2021-05-14T21:21:34Z,1
256,Cathi Deddum,Female,2021-01-13,cdeddum73@wunderground.com,Jiangwei,2021-10-31T15:33:45Z,0
257,Kalie Romanet,Male,2021-02-19,kromanet74@altervista.org,Pacho,2021-08-03T03:16:50Z,1
258,Rudy Posselt,Female,2021-01-11,rposselt75@gov.uk,Pingding,2021-05-14T15:57:27Z,1
259,Maren Pouton,Female,2021-11-10,mpouton76@wsj.com,Särö,2021-02-24T20:16:07Z,0
260,Tessie Shimmings,Female,2021-10-15,tshimmings77@chicagotribune.com,Araçoiaba da Serra,2021-10-24T12:26:46Z,0
261,Kiel Rusling,Male,2021-08-01,krusling78@eepurl.com,Yangsa,2021-12-04T02:53:34Z,1
262,Brendan Brickett,Male,2021-12-03,bbrickett79@typepad.com,Ebene,2021-08-13T03:59:45Z,0
263,Luca Spykings,Female,2021-03-08,lspykings7a@vkontakte.ru,Hebei,2021-06-25T13:32:13Z,0
264,Kelley Jedrzejczyk,Male,2021-04-10,kjedrzejczyk7b@addtoany.com,Paobokol,2021-09-18T03:17:31Z,0
265,Wendall Dallywater,Female,2021-03-14,wdallywater7c@uiuc.edu,Barengkok,2021-12-07T02:57:24Z,1
266,Bonnee Matiebe,Male,2021-07-06,bmatiebe7d@thetimes.co.uk,Pluak Daeng,2021-04-03T10:52:03Z,1
267,Archy Grieger,Male,2021-02-01,agrieger7e@seesaa.net,Kloangrotat,2021-06-15T04:07:16Z,1
268,Roshelle Founds,Male,2021-10-27,rfounds7f@zdnet.com,Kari,2021-02-05T07:57:49Z,0
269,Dyanna Catlin,Female,2021-09-20,dcatlin7g@geocities.com,Solsona,2021-02-01T23:27:21Z,0
270,Earlie Isenor,Male,2021-12-11,eisenor7h@google.it,Az Zāhir,2021-09-21T15:06:58Z,1
271,Scottie Hearmon,Male,2021-11-05,shearmon7i@japanpost.jp,Odintsovo,2021-08-06T22:11:19Z,0
272,Emelita Andreutti,Female,2021-05-24,eandreutti7j@123-reg.co.uk,Yelyzavethradka,2021-01-28T11:52:29Z,1
273,Arni Locket,Male,2021-12-06,alocket7k@statcounter.com,Silva Jardim,2021-07-02T20:08:36Z,0
274,Brianna Morse,Male,2021-11-05,bmorse7l@google.ru,Concepcion,2021-11-05T08:49:22Z,1
275,Aidan Antoniottii,Female,2021-10-08,aantoniottii7m@dell.com,Zengtian,2021-05-29T19:02:48Z,0
276,Delly Gergler,Male,2021-12-18,dgergler7n@zimbio.com,Yélimané,2021-02-10T05:28:34Z,0
277,Harold Otley,Male,2021-10-08,hotley7o@freewebs.com,Álimos,2021-01-29T20:32:24Z,0
278,Kipper Curnnokk,Male,2021-07-28,kcurnnokk7p@tmall.com,Skýros,2021-12-27T20:44:11Z,0
279,Barret Blandamore,Female,2021-04-04,bblandamore7q@tripod.com,Antabamba,2021-01-25T20:30:35Z,1
280,Martguerita Whaley,Male,2021-08-27,mwhaley7r@gravatar.com,Lampa,2021-12-09T04:04:57Z,1
281,Jolyn Fishly,Male,2021-06-06,jfishly7s@google.de,Rancabugel,2021-12-27T00:55:44Z,0
282,Pammy Houliston,Male,2021-02-16,phouliston7t@youtu.be,Miguel Pereira,2021-12-01T12:54:10Z,0
283,Lind Grigolon,Female,2021-02-16,lgrigolon7u@dropbox.com,Nangka,2020-12-29T22:02:04Z,1
284,Channa Tenney,Female,2021-01-28,ctenney7v@latimes.com,Bayangol,2021-11-05T20:57:35Z,1
285,Mirilla Daintry,Male,2021-08-18,mdaintry7w@nasa.gov,Petiga,2021-08-26T06:03:04Z,1
286,Nikolia Arran,Male,2021-07-27,narran7x@ameblo.jp,Cachoeirinha,2021-08-22T14:37:22Z,1
287,Anabella Freschini,Female,2021-03-07,afreschini7y@soup.io,Marang,2021-09-21T02:29:11Z,0
288,Lani Francke,Male,2021-06-14,lfrancke7z@gravatar.com,Samur,2021-06-16T11:12:28Z,1
289,Mariette Yedall,Female,2021-02-13,myedall80@nih.gov,Moose Jaw,2021-03-18T04:18:10Z,1
290,Adelbert Barks,Female,2021-08-05,abarks81@altervista.org,Bājitpur,2021-03-29T16:04:47Z,0
291,Geri Griffe,Male,2021-09-18,ggriffe82@wix.com,Offa,2021-11-16T18:15:34Z,1
292,Eward Kelbie,Female,2021-10-06,ekelbie83@clickbank.net,Adelaide Mail Centre,2021-12-24T15:51:26Z,0
293,Mitchell Pithie,Female,2021-03-30,mpithie84@berkeley.edu,Besko,2021-12-03T02:49:13Z,1
294,Alard Lief,Female,2021-06-12,alief85@huffingtonpost.com,Pysznica,2021-02-20T07:55:55Z,1
295,Bent Furze,Female,2021-11-04,bfurze86@spotify.com,Knin,2021-09-05T07:09:35Z,0
296,Briant Drakers,Female,2021-05-01,bdrakers87@mac.com,Daxing,2021-11-23T00:47:01Z,0
297,Micah Grgic,Female,2021-04-25,mgrgic88@auda.org.au,Wotan,2021-10-01T12:53:15Z,1
298,Shela Camies,Female,2021-10-05,scamies89@uol.com.br,Příbram,2021-05-03T08:16:59Z,1
299,Renata Husher,Female,2021-09-03,rhusher8a@about.me,Panyingkiran,2021-03-27T22:24:35Z,1
300,Marijo Tesche,Female,2021-10-11,mtesche8b@e-recht24.de,Rodez,2021-11-03T03:58:28Z,0
301,Perkin Sussex,Male,2021-08-04,psussex8c@hexun.com,Yasynuvata,2021-06-19T06:49:56Z,0
302,Rosalie Eastlake,Female,2021-05-30,reastlake8d@hibu.com,Longka,2021-11-05T12:07:10Z,0
303,Fanchette Bewick,Female,2021-03-26,fbewick8e@typepad.com,Cristalina,2021-10-03T00:07:06Z,1
304,Myrna Holdall,Female,2021-09-20,mholdall8f@mapquest.com,Karasuyama,2021-03-23T19:34:28Z,0
305,Darell Keizman,Female,2021-11-22,dkeizman8g@odnoklassniki.ru,Arbeláez,2021-04-26T23:38:30Z,1
306,Ophelia Bartoszewicz,Male,2021-01-05,obartoszewicz8h@mayoclinic.com,Bilovods'k,2021-12-17T02:47:17Z,1
307,Karole Chieco,Female,2021-10-31,kchieco8i@gmpg.org,Dungkek Laok,2021-05-26T11:52:50Z,1
308,Inessa Janes,Female,2021-10-07,ijanes8j@huffingtonpost.com,Oesena,2021-07-06T07:04:44Z,0
309,Arleta Baudrey,Male,2021-11-08,abaudrey8k@bloglines.com,Komatsu,2021-08-14T21:56:20Z,0
310,Rolf Brehault,Male,2021-04-08,rbrehault8l@nbcnews.com,Chat Trakan,2021-08-02T19:28:47Z,0
311,Sloane MacCaughan,Female,2021-01-29,smaccaughan8m@naver.com,Şaḩam,2021-11-25T13:25:39Z,0
312,Raf Tee,Male,2021-03-22,rtee8n@go.com,Diaopu,2021-12-19T05:16:53Z,0
313,Sharla Oxlee,Male,2021-05-16,soxlee8o@senate.gov,Pindi Gheb,2021-10-09T20:34:40Z,1
314,Sinclair Storre,Male,2021-09-22,sstorre8p@omniture.com,Thanh Chương,2021-05-18T08:07:25Z,0
315,Lexine Helgass,Female,2021-05-24,lhelgass8q@umn.edu,Songgang-dong,2021-01-20T01:53:09Z,1
316,Eddy Beaton,Male,2021-02-26,ebeaton8r@booking.com,Shangpai,2021-03-25T16:50:13Z,0
317,Pierrette Sammut,Female,2021-02-22,psammut8s@auda.org.au,Stuttgart Stuttgart-Mitte,2021-07-22T22:01:58Z,1
318,Harlan Flemyng,Female,2021-09-26,hflemyng8t@cdbaby.com,Bastia,2021-08-16T08:45:19Z,1
319,Byrle Maddigan,Male,2021-12-03,bmaddigan8u@webs.com,Prengtale,2021-09-11T20:43:15Z,0
320,Oralle Manifould,Male,2021-10-05,omanifould8v@comsenz.com,Fornos de Algodres,2021-03-01T21:31:47Z,0
321,Corrianne Fassbindler,Male,2021-02-25,cfassbindler8w@bloglines.com,Meylan,2021-04-07T21:50:46Z,1
322,Roscoe Boylin,Male,2021-01-26,rboylin8x@cocolog-nifty.com,Lisiy Nos,2021-07-07T23:50:05Z,1
323,Andrey Stowgill,Female,2021-10-04,astowgill8y@squarespace.com,Paris 17,2021-06-29T17:55:53Z,0
324,Pen Pree,Female,2021-05-22,ppree8z@nymag.com,Isheyevka,2021-09-01T23:01:15Z,0
325,Truda Rouke,Male,2021-07-07,trouke90@icq.com,San Pedro Pinula,2021-03-10T17:00:39Z,1
326,Darci Michiel,Male,2021-01-05,dmichiel91@hostgator.com,Jatake,2021-10-02T00:28:29Z,0
327,Elianore Sherrington,Male,2021-12-02,esherrington92@cbslocal.com,Paris 03,2021-06-07T09:12:44Z,1
328,Fidela Chandler,Male,2021-05-22,fchandler93@surveymonkey.com,Yanfolila,2021-09-14T01:37:21Z,0
329,Cary Varley,Male,2021-10-24,cvarley94@clickbank.net,Nanlü,2021-09-14T20:04:16Z,1
330,Petrina Ahrendsen,Male,2021-08-20,pahrendsen95@mtv.com,Nancy,2021-02-19T11:51:24Z,0
331,Jerrie Gloy,Female,2021-06-26,jgloy96@cyberchimps.com,Tsaghkaber,2021-04-28T09:41:28Z,0
332,Susanne Grindley,Female,2021-04-14,sgrindley97@fda.gov,Monamon,2021-11-07T00:37:58Z,1
333,Kirby Melhuish,Male,2021-04-19,kmelhuish98@github.io,Alor Setar,2021-04-03T21:30:17Z,1
334,Milicent Pratten,Male,2021-10-07,mpratten99@bluehost.com,Jiulonggang,2021-06-13T20:54:11Z,1
335,Loren Bramont,Female,2021-12-13,lbramont9a@ovh.net,Busia,2021-06-09T06:35:01Z,0
336,Guendolen Brockhouse,Male,2021-07-10,gbrockhouse9b@bloglovin.com,Almeria,2021-01-22T13:32:18Z,1
337,Patton Thorpe,Male,2021-07-19,pthorpe9c@unc.edu,Chengjiao Chengguanzhen,2021-12-01T18:31:56Z,0
338,Barry Barfford,Male,2021-08-14,bbarfford9d@berkeley.edu,Santo Antônio de Posse,2021-01-07T09:49:15Z,1
339,Guntar Edinburgh,Male,2021-12-12,gedinburgh9e@squarespace.com,Calvário,2021-10-23T22:14:31Z,1
340,Xymenes Harvey,Male,2021-10-24,xharvey9f@apache.org,Ronov nad Doubravou,2021-11-29T03:31:01Z,1
341,Bronnie Clucas,Female,2021-01-30,bclucas9g@statcounter.com,Babakan,2021-08-02T18:53:40Z,0
342,Francine Firle,Female,2021-12-19,ffirle9h@quantcast.com,Ābdānān,2021-03-15T09:13:34Z,1
343,Sigvard Sherwood,Male,2021-01-09,ssherwood9i@studiopress.com,Verkhneye Kazanishche,2021-10-07T06:14:34Z,0
344,Auguste Hardey,Male,2021-11-26,ahardey9j@cnet.com,Baiqi,2021-08-02T21:16:53Z,0
345,Nappy Elwell,Female,2021-09-27,nelwell9k@ft.com,Markaz Mudhaykirah,2021-06-07T10:02:16Z,0
346,Beret McMechan,Male,2021-05-14,bmcmechan9l@walmart.com,Lianyuan,2021-07-01T18:37:58Z,0
347,Nevins Copyn,Female,2021-06-07,ncopyn9m@about.me,Tadianjie,2021-05-16T11:52:44Z,0
348,Kippie Alf,Male,2021-01-14,kalf9n@nationalgeographic.com,Mirovka,2021-02-01T14:30:01Z,1
349,Rozele Mattingson,Male,2021-08-17,rmattingson9o@cbsnews.com,Karlovy Vary,2021-03-06T05:41:15Z,1
350,Tam Cantero,Female,2021-11-07,tcantero9p@netscape.com,Jinhui,2021-03-04T10:37:23Z,0
351,Jaymie Luety,Female,2021-08-12,jluety9q@theglobeandmail.com,Barqueiro,2021-12-06T10:56:16Z,0
352,Ede McConnal,Female,2021-05-09,emcconnal9r@cyberchimps.com,Verkhneye Kazanishche,2021-09-15T10:57:49Z,0
353,Leda Ernshaw,Female,2021-06-16,lernshaw9s@home.pl,Antaparco,2021-03-29T00:37:00Z,0
354,Kalvin McLane,Female,2021-10-03,kmclane9t@e-recht24.de,Mojosari,2021-09-23T18:51:41Z,0
355,Mei Rudland,Male,2021-12-25,mrudland9u@ocn.ne.jp,Néa Palátia,2021-11-01T08:09:01Z,1
356,Griffie Ilewicz,Female,2021-02-11,gilewicz9v@salon.com,Mori,2021-01-04T00:29:48Z,0
357,Zollie Winterson,Female,2021-10-28,zwinterson9w@ox.ac.uk,Myanaung,2021-10-08T02:03:42Z,0
358,Kendal Burgise,Male,2021-10-04,kburgise9x@economist.com,El Águila,2021-05-29T12:13:27Z,0
359,Stephanus Ortells,Female,2021-03-07,sortells9y@noaa.gov,Dulag,2021-10-28T22:51:49Z,0
360,Allistir Soal,Male,2021-04-04,asoal9z@wordpress.com,Yatunpu,2021-08-05T20:20:50Z,0
361,Aurthur Gottschalk,Male,2021-11-06,agottschalka0@reuters.com,Liujiagou,2021-03-10T11:11:13Z,1
362,Mandel Roddam,Male,2021-09-22,mroddama1@barnesandnoble.com,Zheleznodorozhnyy,2021-01-15T18:29:57Z,1
363,Rianon Becks,Female,2021-03-04,rbecksa2@nasa.gov,Louis Trichardt,2021-05-11T01:51:43Z,0
364,Xenos Chantler,Male,2021-03-08,xchantlera3@linkedin.com,Jonkowo,2021-06-05T05:03:13Z,0
365,Parnell Coughlan,Female,2021-09-25,pcoughlana4@bloglines.com,Shnogh,2021-05-28T05:05:57Z,1
366,Daryle Macknish,Female,2021-06-09,dmacknisha5@umich.edu,Abomsa,2021-11-21T09:57:17Z,0
367,Maggy Fleckno,Female,2021-11-03,mflecknoa6@vkontakte.ru,Barra dos Coqueiros,2021-12-07T12:36:57Z,0
368,Etheline Fussey,Male,2021-07-28,efusseya7@hugedomains.com,Devon,2021-06-26T10:13:28Z,1
369,Jeromy Landeg,Female,2021-06-30,jlandega8@livejournal.com,Phayuha Khiri,2021-04-23T23:33:13Z,1
370,Hewitt Chidley,Female,2021-07-20,hchidleya9@alibaba.com,Renhe,2021-01-18T21:03:04Z,1
371,Clemmy Rowaszkiewicz,Female,2021-11-12,crowaszkiewiczaa@aboutads.info,Biryulëvo Zapadnoye,2021-09-30T10:23:36Z,1
372,Sadye Marishenko,Male,2021-05-08,smarishenkoab@ftc.gov,Beaverlodge,2021-05-09T11:01:03Z,1
373,Free Gomez,Male,2021-05-27,fgomezac@usgs.gov,Suntar,2021-09-17T23:21:04Z,1
374,Erma Foffano,Male,2021-06-02,efoffanoad@noaa.gov,Jingu,2021-09-11T23:59:29Z,1
375,Tobe Trelevan,Male,2021-08-31,ttrelevanae@prweb.com,Al Jubayhah,2021-01-21T11:38:28Z,0
376,Joni Barnsley,Female,2021-11-14,jbarnsleyaf@cornell.edu,Boafeo,2021-04-20T02:36:20Z,1
377,Grant Elphee,Female,2021-08-31,gelpheeag@alexa.com,San Benito Abad,2021-09-19T06:45:42Z,1
378,Branden Philpots,Male,2021-10-31,bphilpotsah@prnewswire.com,La Ronge,2021-04-06T00:32:25Z,1
379,Sheree Hartell,Female,2021-12-05,shartellai@samsung.com,Hamilton,2021-10-19T04:40:14Z,0
380,Candie Hallahan,Female,2021-06-02,challahanaj@pbs.org,Chowṉêy,2021-12-04T02:31:56Z,0
381,Billy Elcoux,Female,2021-01-15,belcouxak@livejournal.com,Longquan,2021-03-05T14:59:39Z,0
382,Glenine Woolward,Male,2021-09-14,gwoolwardal@ucsd.edu,Vélizy-Villacoublay,2021-09-08T05:45:52Z,0
383,Nicolina Dictus,Female,2021-07-13,ndictusam@twitter.com,Gradil,2021-07-28T23:11:55Z,0
384,Heloise Muldowney,Female,2021-02-08,hmuldowneyan@icq.com,Ponte Nova,2021-05-23T10:16:42Z,0
385,Farrell Dibley,Female,2021-04-24,fdibleyao@bbc.co.uk,Greenville,2021-11-14T15:19:36Z,0
386,Jocelyn Sandeman,Male,2021-02-22,jsandemanap@feedburner.com,Vaiusu,2021-11-18T14:18:09Z,0
387,Jarid Scedall,Female,2021-09-19,jscedallaq@domainmarket.com,Bucheon-si,2021-11-22T02:31:52Z,1
388,Orran Hynes,Female,2021-07-23,ohynesar@macromedia.com,Jiangkou,2021-02-25T13:47:11Z,1
389,Elysee Askaw,Male,2021-05-15,easkawas@woothemes.com,Cheremnoye,2021-11-21T22:19:09Z,0
390,Merl Cohalan,Female,2021-05-17,mcohalanat@howstuffworks.com,Pigeiros,2021-06-27T15:34:58Z,1
391,Lauren Smedmore,Male,2021-02-19,lsmedmoreau@cornell.edu,Vallegrande,2021-08-26T09:30:20Z,0
392,Mauricio Liddel,Female,2021-05-08,mliddelav@senate.gov,Khānaqāh,2021-01-20T22:26:22Z,0
393,Mitch D'Errico,Male,2021-05-04,mderricoaw@wisc.edu,Ma‘lūlā,2021-06-18T07:40:00Z,0
394,Catriona O'Carmody,Male,2021-09-11,cocarmodyax@usa.gov,Ibiporã,2021-12-20T01:21:52Z,1
395,Libbey Biggadyke,Male,2021-05-17,lbiggadykeay@surveymonkey.com,Shengli,2021-03-25T12:54:37Z,0
396,Kahaleel Loukes,Male,2021-12-16,kloukesaz@pen.io,Chão de Couce,2021-07-03T12:14:45Z,0
397,Mac Airey,Male,2021-05-12,maireyb0@google.com.hk,Tālīn,2021-10-17T15:09:47Z,0
398,Iris Riddall,Female,2021-01-19,iriddallb1@shutterfly.com,Ząbkowice Śląskie,2021-02-07T05:56:48Z,0
399,Lyssa Jose,Male,2021-01-30,ljoseb2@boston.com,Frederiksberg,2021-10-19T11:28:16Z,1
400,Nonnah Welberry,Female,2021-09-27,nwelberryb3@plala.or.jp,Ungheni,2021-03-05T00:16:22Z,0
401,Ali Squire,Male,2021-10-10,asquireb4@ftc.gov,Lianpeng,2021-09-24T01:25:39Z,0
402,Joann Linklet,Female,2021-07-17,jlinkletb5@furl.net,‘Anat al Qadīmah,2021-10-26T08:49:08Z,1
403,Konstantin Burlingame,Female,2021-02-18,kburlingameb6@tinypic.com,Santander,2021-04-01T19:09:27Z,1
404,Wynne Rennicks,Male,2021-07-10,wrennicksb7@cargocollective.com,Bayt Dajan,2021-07-08T13:21:01Z,1
405,Annetta Murford,Female,2021-03-21,amurfordb8@engadget.com,San Gabriel,2021-01-08T05:50:05Z,1
406,Seymour Meriot,Female,2021-04-26,smeriotb9@japanpost.jp,Cicapar,2021-07-02T19:33:53Z,1
407,Celestine McCarlie,Female,2021-08-04,cmccarlieba@google.de,Phu Kam Yao,2021-05-18T14:27:00Z,0
408,Genovera Morrice,Male,2021-05-13,gmorricebb@de.vu,At Taḩālif,2021-10-05T13:39:39Z,1
409,Alberik O'Looney,Female,2021-12-20,aolooneybc@delicious.com,Calabugao,2021-02-07T19:04:19Z,1
410,Gisela Thoumasson,Male,2021-12-05,gthoumassonbd@tumblr.com,Kostyantynivka,2021-10-27T02:45:47Z,0
411,Datha Ramsdell,Female,2021-12-09,dramsdellbe@squarespace.com,Mariinsk,2021-05-25T14:03:08Z,0
412,Rana Lampkin,Male,2021-06-04,rlampkinbf@blogger.com,Ferraz de Vasconcelos,2021-01-12T18:46:43Z,1
413,Morly Thrasher,Female,2021-04-12,mthrasherbg@posterous.com,Ar Ramthā,2021-08-21T02:13:23Z,0
414,Temp O'Dowgaine,Male,2021-02-07,todowgainebh@prnewswire.com,Nuuk,2021-08-29T05:59:15Z,0
415,Velma Huddle,Female,2021-11-25,vhuddlebi@unesco.org,Maji,2021-01-10T10:22:48Z,1
416,Shawn McGrirl,Male,2021-04-14,smcgrirlbj@g.co,Whitwell,2021-12-19T17:21:12Z,1
417,Tracey Hanney,Male,2021-01-14,thanneybk@flickr.com,Zhanbei,2021-12-07T19:08:25Z,0
418,Clementine Paulack,Female,2021-09-02,cpaulackbl@theguardian.com,Riangderi,2021-06-01T13:45:41Z,0
419,Reg Haslock(e),Female,2021-06-29,rhaslockebm@engadget.com,Reiko,2021-09-10T23:50:29Z,0
420,Penelopa Baiden,Female,2021-01-02,pbaidenbn@amazon.de,Barraute,2021-03-09T13:41:04Z,1
421,Gabbie Folkerts,Male,2021-06-11,gfolkertsbo@list-manage.com,Kurkino,2021-02-11T14:58:12Z,1
422,Lezley Ginn,Female,2021-12-07,lginnbp@hexun.com,Feliciano,2021-09-01T01:16:15Z,1
423,Michelina Rosengren,Female,2021-05-11,mrosengrenbq@pbs.org,Ornontowice,2021-04-15T11:58:24Z,0
424,Leola MacCague,Male,2021-12-18,lmaccaguebr@shutterfly.com,Sande São Martinho,2021-07-02T22:53:47Z,0
425,Jaquenette Searles,Male,2021-09-27,jsearlesbs@independent.co.uk,Yuecheng,2021-07-08T21:03:09Z,1
426,Derk Eacott,Female,2021-05-08,deacottbt@latimes.com,Qingshuitang,2021-04-12T16:16:43Z,0
427,Bern Reiner,Female,2021-06-21,breinerbu@amazonaws.com,Langarūd,2021-11-08T19:41:42Z,0
428,Karoline Furmagier,Female,2021-08-29,kfurmagierbv@lulu.com,Vienna,2021-12-08T02:47:31Z,1
429,Yardley Murra,Male,2021-11-24,ymurrabw@dion.ne.jp,Auriflama,2021-08-03T00:14:42Z,1
430,Lucais Warlaw,Male,2021-03-04,lwarlawbx@behance.net,Dongshandi,2021-05-21T10:14:54Z,1
431,Faunie Brookhouse,Female,2021-09-12,fbrookhouseby@drupal.org,Cisalak,2021-02-10T13:01:10Z,0
432,Kilian Rawll,Male,2021-01-21,krawllbz@weebly.com,Los Palacios,2021-07-17T07:22:23Z,1
433,Alyce Paridge,Female,2021-02-27,aparidgec0@guardian.co.uk,Mbanza Congo,2021-08-24T02:05:04Z,1
434,Tricia Buglass,Male,2021-07-01,tbuglassc1@adobe.com,Zangkaxa,2021-06-29T12:51:18Z,1
435,Geoffry Abrahmer,Male,2021-05-13,gabrahmerc2@newsvine.com,Nagrog,2021-06-28T13:05:30Z,1
436,Faber Novelli,Male,2021-07-24,fnovellic3@youku.com,Kyzyl-Kyya,2021-10-06T05:32:24Z,0
437,Christian Borrel,Male,2021-06-24,cborrelc4@pen.io,Hainan,2021-12-07T18:59:44Z,0
438,Ninon Darnbrough,Male,2021-07-03,ndarnbroughc5@t-online.de,Jiangwan,2021-10-22T18:31:55Z,1
439,Renata MacGilmartin,Female,2021-11-23,rmacgilmartinc6@uol.com.br,Dachnoye,2021-05-02T00:55:47Z,0
440,Jude Evequot,Male,2021-11-20,jevequotc7@irs.gov,Ogawa,2021-01-01T10:57:35Z,1
441,Kennith Striker,Male,2021-08-18,kstrikerc8@qq.com,Campo Verde,2021-12-13T17:40:45Z,0
442,Jonell Garrod,Female,2021-04-01,jgarrodc9@disqus.com,Ejmiatsin,2021-02-05T05:49:58Z,1
443,Anthe Olliff,Female,2021-08-30,aolliffca@google.co.uk,Baturaden,2021-11-03T19:58:00Z,1
444,Daloris Dell'Abbate,Female,2021-08-12,ddellabbatecb@adobe.com,Huangling,2021-06-20T01:20:46Z,0
445,Barry Woloschinski,Female,2021-02-04,bwoloschinskicc@umich.edu,Ningtang,2021-04-11T02:11:34Z,1
446,Demetra Caves,Female,2021-04-22,dcavescd@guardian.co.uk,Yuanlin,2021-10-23T14:05:25Z,0
447,Donnell Humbell,Female,2021-02-22,dhumbellce@craigslist.org,Dazhigu,2021-11-01T11:09:36Z,0
448,Mohandis Colbran,Female,2021-02-15,mcolbrancf@quantcast.com,Yanqian,2021-03-21T04:36:04Z,0
449,Bethena Timperley,Male,2021-09-30,btimperleycg@house.gov,Cikadu,2021-10-29T13:41:28Z,1
450,Mandy Geere,Female,2021-05-11,mgeerech@bloglovin.com,Faya-Largeau,2021-02-02T06:56:02Z,1
451,Prisca Hellmer,Female,2021-10-27,phellmerci@unicef.org,Guanzhou,2021-07-04T16:47:39Z,1
452,Jenica Bauman,Male,2021-07-17,jbaumancj@shinystat.com,Qiaotou,2021-05-28T18:43:29Z,0
453,Willamina Farnham,Male,2021-03-19,wfarnhamck@qq.com,São Mateus do Sul,2021-08-09T07:26:46Z,1
454,Pandora Gronno,Female,2021-12-12,pgronnocl@mysql.com,Limen,2021-12-07T14:06:24Z,1
455,Purcell Morratt,Female,2021-04-30,pmorrattcm@edublogs.org,Aras-asan,2021-02-14T00:35:24Z,1
456,Burgess Bibbie,Male,2020-12-28,bbibbiecn@printfriendly.com,Lucas,2021-06-25T05:01:55Z,1
457,Kylie Boddis,Female,2021-09-02,kboddisco@plala.or.jp,Santa Lucía,2021-10-08T11:59:53Z,1
458,Rhianna Bruggen,Female,2021-09-18,rbruggencp@ca.gov,Los Pinos,2021-02-24T17:49:39Z,0
459,Camellia Gilhoolie,Male,2021-10-28,cgilhooliecq@sogou.com,Tais,2021-04-23T12:56:37Z,0
460,Geralda Skipsea,Male,2021-05-26,gskipseacr@ox.ac.uk,Jiuzhou,2021-07-10T17:40:55Z,0
461,Kliment De Giorgis,Male,2021-09-27,kdecs@hugedomains.com,Yevpatoriya,2021-01-28T05:52:41Z,1
462,Audie Manueau,Female,2021-05-04,amanueauct@phpbb.com,Ramon Magsaysay,2021-03-23T22:30:14Z,0
463,Samaria Demann,Male,2021-08-14,sdemanncu@multiply.com,Faruka,2021-10-05T08:24:08Z,0
464,Mycah Elles,Male,2021-10-03,mellescv@linkedin.com,Viļāni,2021-03-30T12:52:54Z,0
465,Herby Cradock,Male,2021-11-28,hcradockcw@rediff.com,Tondano,2021-09-18T19:51:38Z,0
466,Janeczka Rushmer,Female,2021-03-06,jrushmercx@hostgator.com,Kolyubakino,2021-11-03T05:14:05Z,0
467,Nigel Temple,Male,2021-01-26,ntemplecy@newyorker.com,Porto Seguro,2021-09-14T04:15:54Z,1
468,Boycie VanBrugh,Male,2021-06-11,bvanbrughcz@unesco.org,Usa River,2021-11-02T05:36:21Z,0
469,Olivette Gheraldi,Female,2021-02-19,ogheraldid0@discuz.net,Mabai,2021-07-16T23:19:33Z,1
470,Kellia Siddon,Female,2021-06-13,ksiddond1@example.com,Ikata-chō,2021-05-12T04:35:14Z,0
471,Antonetta Mapledoore,Male,2021-05-14,amapledoored2@mapquest.com,Huangbu,2021-04-24T00:08:07Z,0
472,Kettie Gallienne,Female,2021-04-02,kgallienned3@woothemes.com,Redinha,2021-06-28T16:20:25Z,0
473,Cassie Ciciotti,Female,2021-10-20,cciciottid4@shareasale.com,Karajeun,2021-12-10T15:04:13Z,1
474,Janie Alexandrou,Male,2021-11-17,jalexandroud5@slideshare.net,Rydułtowy,2021-07-21T14:45:14Z,0
475,Helli Fogg,Male,2021-11-18,hfoggd6@google.ru,Erada,2021-06-06T19:14:38Z,1
476,Krysta Kipping,Male,2021-12-25,kkippingd7@merriam-webster.com,Asan-Maina Village,2021-05-23T08:41:48Z,1
477,Mariana Livett,Male,2021-11-11,mlivettd8@yandex.ru,Guixi,2021-07-30T22:52:55Z,0
478,Jimmie Lars,Male,2021-04-25,jlarsd9@ibm.com,Hamburg,2021-04-06T22:37:59Z,0
479,Norine Ateggart,Female,2021-01-07,nateggartda@wikispaces.com,Udi,2020-12-28T16:11:58Z,0
480,Aubry Lawrinson,Male,2021-08-09,alawrinsondb@businessweek.com,Zhongshanmen,2021-05-07T17:38:31Z,1
481,Duane Deetch,Male,2021-06-13,ddeetchdc@photobucket.com,Aguadas,2021-02-26T13:36:13Z,0
482,Joleen Allanson,Male,2021-05-19,jallansondd@ox.ac.uk,Kristiansand S,2021-06-15T08:20:57Z,0
483,Kent Going,Female,2021-10-01,kgoingde@seesaa.net,Rokytne,2021-09-23T22:19:57Z,0
484,Estella Campbell,Male,2021-10-16,ecampbelldf@hp.com,Vaughan,2021-06-18T07:35:19Z,1
485,Arabele Loseke,Male,2021-09-11,alosekedg@ameblo.jp,Hengli,2021-03-13T10:35:35Z,0
486,Marya Iseton,Female,2021-08-18,misetondh@nhs.uk,Karangtengah Lor,2021-08-24T09:54:48Z,0
487,Bobbie Beatey,Male,2021-08-02,bbeateydi@ebay.com,San Miguel,2021-01-20T02:47:12Z,0
488,Baird Balas,Male,2021-01-08,bbalasdj@mlb.com,Amānzī,2021-03-22T07:51:49Z,1
489,Tiphani Rigg,Male,2021-11-12,triggdk@google.com,Mostovskoy,2021-04-24T01:14:36Z,1
490,Sebastian Sime,Male,2021-06-15,ssimedl@google.de,San Juan,2021-12-07T22:08:44Z,0
491,Mac Morley,Female,2021-05-27,mmorleydm@go.com,Tegalsari,2020-12-28T10:36:02Z,1
492,Frannie Bubb,Female,2021-02-03,fbubbdn@livejournal.com,San Clemente,2021-05-18T16:34:53Z,0
493,Maurie Hallums,Male,2021-09-20,mhallumsdo@hugedomains.com,Xuân Trường,2021-05-03T23:50:39Z,0
494,Skell Melwall,Male,2021-11-16,smelwalldp@blogger.com,Poitiers,2021-06-05T01:34:14Z,0
495,Mirabelle Liversedge,Male,2021-03-31,mliversedgedq@lulu.com,Subaykhān,2021-01-15T22:51:04Z,1
496,Adrianna Shitliff,Female,2021-10-09,ashitliffdr@scientificamerican.com,Pishaj,2020-12-31T18:18:34Z,0
497,Katinka Kochel,Male,2021-10-25,kkochelds@meetup.com,Zoumi,2021-03-09T07:58:34Z,0
498,Linus Ruddy,Female,2021-12-01,lruddydt@virginia.edu,Acton Vale,2021-05-08T01:47:30Z,1
499,Svend Joddens,Male,2021-05-24,sjoddensdu@va.gov,Huyang,2021-01-22T17:23:59Z,1
500,Heinrick Lempel,Male,2021-07-02,hlempeldv@weibo.com,Jiancheng,2021-05-21T17:28:36Z,0
501,Cullin Biggen,Female,2020-12-31,cbiggendw@unblog.fr,Wujingfu,2021-07-28T12:55:28Z,0
502,Sidonnie Littell,Male,2021-08-15,slittelldx@phoca.cz,Cofimvaba,2020-12-28T00:19:50Z,0
503,Kamillah Worviell,Male,2021-07-02,kworvielldy@microsoft.com,Fengniancun,2021-03-07T23:28:26Z,0
504,Mallory How,Male,2021-07-08,mhowdz@washingtonpost.com,Elói Mendes,2021-12-07T16:14:41Z,0
505,Ransom Janz,Female,2021-03-19,rjanze0@opera.com,Blarney,2021-03-24T00:58:45Z,0
506,Tull Rubenov,Male,2021-10-21,trubenove1@uiuc.edu,Qiaozhuang,2021-12-15T14:25:56Z,0
507,Myrtie Jacke,Male,2021-08-21,mjackee2@deviantart.com,Damaturu,2021-08-09T20:18:55Z,0
508,Gregorio Denney,Female,2021-12-23,gdenneye3@ox.ac.uk,Gugark’,2021-03-27T12:51:40Z,0
509,Chlo Eiler,Female,2021-06-14,ceilere4@1688.com,Janaúba,2021-09-13T15:56:50Z,0
510,Veronica Ferney,Female,2021-05-08,vferneye5@tinypic.com,Shibīn al Kawm,2021-04-09T18:04:48Z,0
511,Hally Shaxby,Female,2021-02-09,hshaxbye6@google.ca,Margarita,2021-03-29T09:34:18Z,0
512,Ettie Trobe,Female,2021-04-22,etrobee7@google.co.uk,Zorgo,2021-04-23T21:56:00Z,0
513,Colleen Spurrior,Male,2021-04-22,cspurriore8@sina.com.cn,Nanterre,2021-03-04T23:08:14Z,0
514,Carrie Keoghane,Female,2021-01-27,ckeoghanee9@mlb.com,Karvia,2021-03-05T13:57:49Z,0
515,Ruthi Schubart,Female,2021-05-14,rschubartea@addtoany.com,Bonnyville,2021-08-03T05:41:34Z,1
516,Jade Maffeo,Male,2021-02-01,jmaffeoeb@yellowpages.com,Razan,2021-08-31T18:23:47Z,0
517,Gianina Dawidsohn,Female,2021-01-25,gdawidsohnec@bloomberg.com,Boston,2021-08-01T15:29:45Z,0
518,Tressa Kenway,Female,2021-06-09,tkenwayed@aol.com,Marseille,2021-11-15T03:40:57Z,1
519,Matt McArthur,Female,2021-08-02,mmcarthuree@hostgator.com,Saint-Fargeau-Ponthierry,2021-05-11T18:54:11Z,0
520,Heddi Kunneke,Male,2021-02-16,hkunnekeef@photobucket.com,Samuhú,2021-10-24T19:33:12Z,1
521,Evey Duguid,Male,2021-09-28,eduguideg@photobucket.com,Zselickislak,2021-03-19T16:15:49Z,0
522,Bevan Timmons,Female,2021-07-15,btimmonseh@phpbb.com,Kawaguchi,2021-08-15T22:16:56Z,1
523,Abby Basketter,Female,2021-08-10,abasketterei@utexas.edu,Cibaregbeg,2021-07-09T11:00:54Z,0
524,Vachel Pumphrey,Female,2021-05-21,vpumphreyej@sun.com,Cimara,2021-01-19T16:42:20Z,0
525,Madelene Sabbin,Female,2021-08-19,msabbinek@blinklist.com,Apongo,2021-09-10T09:20:00Z,1
526,Pauly Tidridge,Male,2021-10-29,ptidridgeel@blog.com,Bula,2021-09-20T08:03:43Z,0
527,Heidie Marioneau,Female,2021-01-20,hmarioneauem@globo.com,Valday,2021-02-16T01:51:53Z,1
528,Robin Crellim,Male,2021-11-18,rcrellimen@netscape.com,Mirosławiec,2021-10-12T07:41:23Z,1
529,Quentin Pyke,Male,2021-01-03,qpykeeo@hc360.com,Shūkat aş Şūfī,2021-09-23T23:41:57Z,1
530,Wit Hosburn,Male,2021-07-20,whosburnep@51.la,Bagnères-de-Bigorre,2021-10-18T07:12:07Z,0
531,Jacky Allon,Female,2021-01-21,jalloneq@google.de,Zhuhu,2021-12-16T14:51:50Z,0
532,Hymie List,Female,2021-02-22,hlister@devhub.com,Zangbawa,2021-03-10T07:57:25Z,0
533,Wendeline Yendle,Male,2021-03-22,wyendlees@ovh.net,Vecpiebalga,2021-03-24T22:47:50Z,1
534,Garnette Dyott,Male,2021-01-30,gdyottet@hostgator.com,Zlaté Hory,2021-08-06T18:25:44Z,0
535,Jecho Emmins,Male,2021-09-28,jemminseu@delicious.com,Mujães,2021-10-29T14:09:06Z,0
536,Elberta Hastwell,Male,2021-04-10,ehastwellev@hexun.com,Brahin,2021-02-11T07:28:29Z,0
537,Ibrahim Carmel,Male,2021-02-18,icarmelew@census.gov,Nandaime,2021-07-29T02:13:47Z,1
538,Livvyy Colloff,Female,2021-10-28,lcolloffex@bbc.co.uk,Sasa,2021-08-08T14:34:15Z,0
539,Eudora Karolczyk,Female,2021-07-16,ekarolczykey@ibm.com,Nago,2021-09-18T01:38:06Z,1
540,Merrielle Drinkeld,Male,2021-10-05,mdrinkeldez@microsoft.com,Xinghua,2021-08-27T03:23:14Z,1
541,Harlie Deer,Female,2021-11-14,hdeerf0@mediafire.com,Uruzgān,2021-06-18T17:15:03Z,1
542,Davie De Caville,Male,2021-10-25,ddef1@utexas.edu,Yangba,2021-01-31T19:01:04Z,1
543,Perri Clinkard,Female,2021-08-08,pclinkardf2@shutterfly.com,Barcelona,2021-01-11T07:07:01Z,1
544,Shelton Milnthorpe,Male,2021-12-08,smilnthorpef3@naver.com,Novoshakhtinskiy,2021-06-02T03:54:22Z,0
545,Loella Lucey,Female,2020-12-28,lluceyf4@buzzfeed.com,Oekero,2021-06-06T09:39:08Z,0
546,Mycah Saye,Female,2021-01-03,msayef5@jiathis.com,Lyambir’,2021-06-19T01:27:46Z,1
547,Conn Vaux,Male,2021-07-23,cvauxf6@bandcamp.com,Xiaoyan,2021-01-27T05:28:22Z,1
548,Karly Givens,Female,2021-04-27,kgivensf7@spotify.com,Saraza,2021-06-21T08:38:15Z,0
549,Monty Stoyles,Female,2021-09-23,mstoylesf8@sbwire.com,Karbunara e Vogël,2021-04-23T04:17:51Z,0
550,Shadow Jaynes,Female,2021-08-13,sjaynesf9@cisco.com,Amaraji,2021-04-30T11:10:16Z,0
551,Sofie Mansion,Male,2021-05-23,smansionfa@bloglovin.com,Andalucía,2021-10-24T22:54:21Z,0
552,Georgianne Semper,Female,2021-01-19,gsemperfb@ebay.com,Hīrna,2021-03-28T09:30:20Z,1
553,Kippie Forrestor,Male,2021-05-17,kforrestorfc@apple.com,Vĩnh Tường,2021-10-08T04:01:20Z,0
554,Benjamen Bussel,Female,2021-10-29,bbusselfd@senate.gov,Cambebba,2021-06-26T19:31:51Z,0
555,Junette Kick,Female,2021-09-29,jkickfe@admin.ch,Lousa,2021-05-17T04:17:52Z,0
556,Eulalie Merfin,Female,2021-03-26,emerfinff@cargocollective.com,Chaguaní,2021-06-05T00:46:25Z,0
557,Bar Keirl,Female,2021-07-12,bkeirlfg@deviantart.com,Wenquan,2021-07-29T00:07:35Z,0
558,Rollie Bartles,Female,2021-04-10,rbartlesfh@accuweather.com,Falun,2021-04-19T19:35:58Z,0
559,Pepito Mattingley,Male,2021-08-15,pmattingleyfi@shareasale.com,Morinville,2021-01-10T18:11:35Z,1
560,Meghann Phillins,Male,2021-03-04,mphillinsfj@wix.com,Tarnawatka,2021-05-06T22:29:33Z,1
561,Chalmers Yvens,Female,2021-09-27,cyvensfk@alexa.com,Ballitoville,2021-07-18T07:21:43Z,0
562,Westbrook Petruskevich,Male,2021-06-26,wpetruskevichfl@hud.gov,Temuji,2021-11-01T06:37:23Z,1
563,Monika Sowray,Female,2021-11-03,msowrayfm@umn.edu,Dobšice,2021-11-12T06:40:59Z,1
564,Grange Fusco,Male,2021-10-05,gfuscofn@senate.gov,Altavista,2021-12-24T19:41:11Z,0
565,Irv Ping,Male,2021-05-21,ipingfo@elegantthemes.com,Paraíso,2021-10-06T13:29:37Z,1
566,Bearnard Martschik,Female,2021-09-15,bmartschikfp@blogspot.com,Nggalak,2021-06-26T12:33:42Z,0
567,Udale Brosch,Male,2021-11-18,ubroschfq@gizmodo.com,Scarborough,2021-10-31T09:37:35Z,0
568,Moyna Mertsching,Male,2021-01-07,mmertschingfr@artisteer.com,Makin Village,2021-02-02T20:51:58Z,0
569,Issy Brokenbrow,Female,2021-05-14,ibrokenbrowfs@mit.edu,Bakau,2021-05-24T17:55:08Z,0
570,Violet Lorne,Female,2021-09-21,vlorneft@whitehouse.gov,Sukorambi,2021-11-21T18:33:04Z,1
571,Burg Ogglebie,Male,2021-01-21,bogglebiefu@bluehost.com,Pulap,2021-04-04T00:21:23Z,0
572,Annabal Whiley,Female,2021-07-10,awhileyfv@accuweather.com,Xiongjia,2021-11-29T11:16:59Z,1
573,Jaime Figger,Male,2021-11-03,jfiggerfw@live.com,Tanashichō,2021-10-31T20:29:40Z,0
574,Missie Cholmondeley,Female,2021-04-20,mcholmondeleyfx@bandcamp.com,Ceres,2021-02-14T10:14:57Z,1
575,Cybil McEwen,Female,2021-01-24,cmcewenfy@chron.com,Lomba,2021-07-12T18:42:29Z,0
576,Pren Wiltshaw,Female,2021-02-01,pwiltshawfz@hud.gov,Pedreira,2021-02-02T13:56:04Z,0
577,Edan Hubner,Male,2021-03-21,ehubnerg0@google.com,Laironja,2021-10-29T03:51:50Z,0
578,Nannie Whitby,Male,2021-12-04,nwhitbyg1@illinois.edu,Mayumba,2021-11-21T17:00:10Z,0
579,Dorisa Crotty,Male,2021-12-06,dcrottyg2@guardian.co.uk,Kadupayung,2021-12-17T12:30:28Z,1
580,Mart Eglise,Female,2021-01-19,megliseg3@last.fm,Ostrów Wielkopolski,2020-12-28T21:54:56Z,0
581,Mabelle Janousek,Female,2021-05-21,mjanousekg4@topsy.com,Olonets,2021-07-20T00:16:09Z,1
582,Lanni Delamere,Female,2021-08-02,ldelamereg5@mozilla.org,Guanzhuang,2021-02-08T07:26:18Z,0
583,Briant Lines,Male,2021-08-01,blinesg6@freewebs.com,Beaconsfield,2021-04-15T11:01:03Z,1
584,Maighdiln Lyddiard,Female,2021-05-25,mlyddiardg7@cargocollective.com,Huanshan,2021-11-22T13:24:20Z,1
585,Kev Matokhnin,Female,2021-04-24,kmatokhning8@addthis.com,Saint-Malo,2021-01-13T18:07:49Z,1
586,Tilda Brawson,Female,2021-05-28,tbrawsong9@artisteer.com,Rungis,2021-04-12T00:26:57Z,1
587,Ebony Atherton,Male,2021-04-27,eathertonga@jugem.jp,Juan Adrián,2021-02-07T05:56:20Z,1
588,Bobine Rallin,Male,2021-09-24,brallingb@techcrunch.com,Murcki,2021-02-15T19:36:59Z,1
589,Malinda Barstow,Male,2021-05-20,mbarstowgc@foxnews.com,Watuagung,2021-07-13T18:53:21Z,1
590,Yule Arndt,Female,2021-03-27,yarndtgd@vk.com,Sidi Bousber,2021-06-17T13:18:58Z,1
591,Emmalynne Sapsed,Male,2021-02-01,esapsedge@google.nl,Montesson,2021-09-29T15:51:58Z,0
592,Lon Sey,Female,2021-07-07,lseygf@latimes.com,Höganäs,2021-03-13T04:45:18Z,0
593,Flss Duhig,Female,2021-07-05,fduhiggg@rambler.ru,Kelīshād va Sūdarjān,2021-04-07T05:54:50Z,1
594,Theodoric Dunlea,Male,2021-06-18,tdunleagh@miitbeian.gov.cn,Hepo,2021-05-22T09:59:42Z,1
595,Esther D'Antuoni,Male,2021-11-25,edantuonigi@gov.uk,Yaguarón,2021-04-04T18:52:49Z,0
596,Biron Kingswood,Female,2020-12-30,bkingswoodgj@mayoclinic.com,Jaroměřice,2021-04-02T23:38:47Z,1
597,Tirrell Giametti,Male,2021-07-27,tgiamettigk@comsenz.com,Terra Chã,2021-04-08T02:48:31Z,1
598,Dulcine Le Surf,Female,2021-09-11,dlegl@rambler.ru,Muxagata,2021-11-21T18:17:27Z,0
599,Calli Bernucci,Male,2021-06-09,cbernuccigm@wix.com,Braço do Norte,2021-06-08T13:43:48Z,0
600,Boothe Moyes,Male,2021-04-26,bmoyesgn@godaddy.com,Rancabolang,2021-01-11T05:43:11Z,1
601,Saundra Cantle,Male,2021-05-23,scantlego@nasa.gov,Uva,2021-08-15T18:53:16Z,1
602,Lyndsie Hayward,Female,2021-07-20,lhaywardgp@archive.org,Lecherías,2021-10-13T15:32:18Z,1
603,Hadleigh Lewer,Male,2021-08-12,hlewergq@creativecommons.org,Châteauroux,2021-11-02T01:36:47Z,0
604,Melania Fakes,Male,2021-09-17,mfakesgr@usda.gov,Villa Urquiza,2021-03-09T08:01:13Z,1
605,Susannah Foster,Female,2021-05-21,sfostergs@technorati.com,Gwandu,2021-10-02T14:43:57Z,0
606,Julissa Braunthal,Male,2021-12-18,jbraunthalgt@wikipedia.org,Bāglung,2021-08-14T08:38:19Z,1
607,Iggie Bonner,Male,2021-02-11,ibonnergu@jigsy.com,Gelang,2021-07-01T16:09:13Z,1
608,Carlie Paradyce,Female,2021-04-23,cparadycegv@newyorker.com,Collingwood,2021-01-21T21:30:05Z,1
609,Sena Szanto,Female,2021-02-04,sszantogw@dion.ne.jp,Kolkhozobod,2021-11-06T23:28:06Z,0
610,Nick Tollerton,Male,2021-10-10,ntollertongx@weather.com,Velyka Mykhaylivka,2021-09-22T16:15:54Z,0
611,Poul Beard,Female,2021-10-15,pbeardgy@stumbleupon.com,Dunhou,2021-08-31T13:37:50Z,0
612,Elvira Aickin,Male,2021-08-19,eaickingz@simplemachines.org,Barra Mansa,2021-06-29T22:55:52Z,0
613,Percival Skrine,Male,2021-10-16,pskrineh0@macromedia.com,Yuanqiao,2021-12-24T05:59:20Z,0
614,Hamish Rothera,Male,2021-02-26,hrotherah1@virginia.edu,Ar Ru’ays,2021-09-27T21:48:48Z,1
615,Gwyn Aizic,Female,2021-03-06,gaizich2@surveymonkey.com,Yangxipu,2021-06-28T09:47:03Z,0
616,Jonah Thornley,Male,2021-03-20,jthornleyh3@ucoz.ru,Yunxi,2021-07-21T04:52:56Z,1
617,Latia Fairpo,Male,2021-11-22,lfairpoh4@weather.com,Tabora,2021-12-04T20:36:05Z,0
618,Natka Wraith,Female,2021-10-15,nwraithh5@theguardian.com,Uhlove,2021-08-16T22:22:53Z,0
619,Adrian Vant,Male,2020-12-29,avanth6@g.co,Apengjiang,2021-01-05T16:09:26Z,0
620,William Lighterness,Female,2021-08-10,wlighternessh7@craigslist.org,Oguta,2021-06-14T08:15:30Z,1
621,Matteo Robroe,Female,2021-03-01,mrobroeh8@mysql.com,Valencia,2021-10-22T20:46:15Z,0
622,Laina Paulo,Male,2021-04-29,lpauloh9@mediafire.com,San Fernando,2021-06-30T17:59:34Z,0
623,Dian Corrigan,Male,2021-10-24,dcorriganha@mashable.com,Žebrák,2021-04-08T05:57:02Z,1
624,Karola Slarke,Male,2021-08-25,kslarkehb@samsung.com,Xinghua,2021-09-16T14:55:00Z,0
625,Vidovic Gergus,Male,2021-11-19,vgergushc@1688.com,Blois,2021-01-22T20:11:35Z,0
626,Marylinda Monger,Female,2021-10-29,mmongerhd@go.com,Ljutomer,2021-11-06T14:38:04Z,1
627,Babita Clemoes,Male,2021-04-04,bclemoeshe@google.pl,Zhexiao,2021-04-25T14:07:24Z,0
628,Sylvester Bursnell,Male,2021-10-13,sbursnellhf@fema.gov,Pampas,2021-01-17T09:53:50Z,1
629,Henderson Damarell,Male,2021-02-18,hdamarellhg@biblegateway.com,Āq Qāyeh,2021-05-24T17:28:05Z,1
630,Larry Towell,Female,2021-09-24,ltowellhh@loc.gov,Pingfeng,2021-04-07T07:28:55Z,1
631,Ketty Demke,Female,2021-07-06,kdemkehi@latimes.com,Mikołów,2021-10-01T12:25:55Z,1
632,Morgen Glencrash,Female,2021-05-07,mglencrashhj@cbslocal.com,Obukhiv,2021-05-28T07:48:57Z,0
633,Goldy Ainley,Male,2021-03-08,gainleyhk@comsenz.com,Póvoa,2021-03-11T12:02:51Z,0
634,Abdel Sharman,Male,2021-05-23,asharmanhl@ezinearticles.com,Fushan,2021-12-01T17:50:05Z,1
635,Ginger Pavie,Male,2021-06-27,gpaviehm@army.mil,Cachachi,2021-10-23T09:32:31Z,1
636,Chrystel Izkovici,Female,2021-01-29,cizkovicihn@surveymonkey.com,Gawul,2021-11-11T18:16:38Z,0
637,Alyssa Castiello,Male,2021-05-15,acastielloho@indiatimes.com,Ruyigi,2021-10-20T05:52:11Z,0
638,Tresa Sweetzer,Male,2021-11-20,tsweetzerhp@vkontakte.ru,Ferreiros,2021-05-29T12:25:50Z,0
639,Gena Shrive,Male,2021-11-04,gshrivehq@answers.com,Leiden,2021-08-17T18:19:16Z,1
640,Fionnula Chesters,Female,2021-09-20,fchestershr@prlog.org,Lianga,2021-08-10T06:14:51Z,1
641,Lucais Kingsnoad,Female,2021-05-07,lkingsnoadhs@nps.gov,San Antonio Aguas Calientes,2021-03-21T06:08:42Z,0
642,Jeralee Kindle,Male,2021-09-16,jkindleht@yellowbook.com,Banana Village,2021-11-07T11:39:13Z,1
643,Cati Nicol,Female,2021-05-11,cnicolhu@constantcontact.com,Trảng Bom,2021-09-02T04:15:19Z,0
644,Ossie Bondley,Male,2021-04-15,obondleyhv@so-net.ne.jp,Karolino-Buhaz,2021-12-04T12:54:05Z,1
645,Gilburt Sibly,Female,2021-01-13,gsiblyhw@1688.com,Cruzeiro,2021-02-22T19:55:03Z,1
646,Ev Delatour,Male,2021-09-02,edelatourhx@networkadvertising.org,Butahai,2021-04-14T06:38:32Z,1
647,Kinny Duckitt,Female,2021-08-10,kduckitthy@nifty.com,Tadmur,2021-03-29T10:45:19Z,0
648,Joellen Aartsen,Female,2021-07-29,jaartsenhz@w3.org,Parenggan,2021-08-18T05:46:56Z,1
649,Joelynn Heinish,Female,2021-09-07,jheinishi0@mayoclinic.com,Karangsari,2021-08-21T17:17:24Z,0
650,Mart Creed,Female,2021-09-02,mcreedi1@upenn.edu,Karangturi,2021-05-09T17:19:36Z,1
651,Godard Goldfinch,Female,2021-11-20,ggoldfinchi2@china.com.cn,Mulchén,2021-11-18T23:27:02Z,0
652,Forrester Batisse,Male,2021-01-02,fbatissei3@dropbox.com,Jinta,2021-04-09T21:24:31Z,0
653,Pauli Finlay,Male,2021-07-29,pfinlayi4@privacy.gov.au,Selajambe Satu,2021-06-25T23:07:24Z,1
654,Chelsy De Beneditti,Female,2021-04-23,cdei5@i2i.jp,Kilcullen,2021-06-21T11:58:02Z,1
655,Jarrid Rigden,Male,2020-12-29,jrigdeni6@4shared.com,Licupis,2021-03-12T23:31:37Z,0
656,Kalli Coger,Male,2021-08-05,kcogeri7@geocities.com,Changkeng,2021-03-29T09:04:23Z,1
657,Toby Kristoffersen,Female,2021-11-05,tkristofferseni8@facebook.com,Suodenniemi,2021-08-21T10:29:05Z,1
658,Ches Bunney,Male,2021-08-02,cbunneyi9@tamu.edu,Kalangan,2021-02-20T08:16:45Z,1
659,Nikita Rogger,Female,2021-11-10,nroggeria@timesonline.co.uk,Podkamennaya Tunguska,2021-05-23T10:44:03Z,0
660,Hewe Duddridge,Female,2021-06-16,hduddridgeib@myspace.com,Pôrto Barra do Ivinheima,2021-10-04T16:03:54Z,0
661,Yale Muspratt,Female,2021-05-28,ymusprattic@yahoo.com,Mīrpur Māthelo,2021-10-21T02:10:41Z,1
662,Scottie Divers,Male,2021-04-05,sdiversid@theglobeandmail.com,Mutsu,2021-09-14T11:16:24Z,0
663,Shannon Plewright,Male,2021-10-01,splewrightie@time.com,Silikatnyy,2021-10-24T19:43:51Z,1
664,Pernell Brundall,Male,2021-04-20,pbrundallif@trellian.com,Karolinka,2021-07-08T15:42:01Z,1
665,Lorianne Larrad,Male,2021-11-30,llarradig@goo.ne.jp,Al Ḩawāmidīyah,2021-06-16T16:55:57Z,0
666,Laird Sobczak,Male,2021-05-16,lsobczakih@businessinsider.com,Haikou,2020-12-30T10:46:50Z,0
667,Dode Aronov,Male,2021-04-09,daronovii@mozilla.com,Chalaco,2021-05-17T04:03:57Z,1
668,Mollie Monni,Female,2021-12-18,mmonniij@squarespace.com,Koten,2021-06-27T23:12:10Z,0
669,Phyllida Rooksby,Female,2021-04-22,prooksbyik@fema.gov,Melres,2021-01-19T17:27:05Z,0
670,Jeanie McKeachie,Female,2021-03-30,jmckeachieil@apple.com,Tiandu,2021-10-02T19:15:31Z,0
671,Francis Franz,Female,2021-04-01,ffranzim@goodreads.com,Głubczyce,2021-02-18T05:53:38Z,1
672,Diann Jacobovitch,Male,2021-11-12,djacobovitchin@ucsd.edu,Longmen,2021-11-12T09:52:02Z,0
673,Thoma Kirvell,Male,2021-03-07,tkirvellio@technorati.com,Budapest,2021-12-03T23:50:29Z,0
674,Courtney Tethacot,Male,2021-09-21,ctethacotip@webs.com,Patarrá,2021-10-09T13:49:47Z,0
675,Abdul Donalson,Female,2021-02-13,adonalsoniq@nymag.com,Washington,2021-02-10T19:05:46Z,1
676,Lucretia Linstead,Male,2021-12-04,llinsteadir@tiny.cc,Akebielidou,2021-09-14T12:43:09Z,0
677,Selena Arnley,Female,2021-11-22,sarnleyis@wisc.edu,Nowa Dęba,2021-08-28T04:58:08Z,1
678,Billy Askam,Male,2021-07-22,baskamit@netvibes.com,Daba,2021-08-28T20:46:51Z,0
679,Foss Borit,Male,2021-02-23,fboritiu@cbc.ca,Frederiksberg,2021-01-16T09:30:19Z,1
680,Truda Alan,Male,2021-07-14,talaniv@issuu.com,San Francisco,2021-03-01T04:24:43Z,0
681,Ertha Thews,Female,2021-04-28,ethewsiw@bloglines.com,Urasqui,2021-06-05T22:58:08Z,0
682,Julee Eminson,Male,2021-09-13,jeminsonix@mac.com,Kilju,2021-05-08T09:07:22Z,0
683,Elysee Siddon,Male,2021-11-29,esiddoniy@usnews.com,Imatra,2021-11-04T12:49:47Z,0
684,Harri Yard,Female,2021-09-06,hyardiz@deviantart.com,Gorno Orizari,2021-08-31T22:23:48Z,0
685,Carey Gumary,Female,2021-01-02,cgumaryj0@thetimes.co.uk,Semarang,2021-04-03T18:01:09Z,1
686,Stanislaw Munnis,Female,2021-06-18,smunnisj1@google.co.uk,Évry,2021-06-02T17:32:58Z,1
687,Bethina Molyneaux,Male,2021-10-31,bmolyneauxj2@biblegateway.com,Bulgan,2021-10-06T18:53:25Z,0
688,Nancy Brenard,Male,2021-03-06,nbrenardj3@mozilla.com,Daxing,2021-02-22T09:05:34Z,0
689,Harwell Hinsch,Female,2021-01-18,hhinschj4@desdev.cn,Vologda,2021-12-10T21:53:23Z,1
690,Purcell Blose,Male,2020-12-29,pblosej5@live.com,Huaranchal,2020-12-31T08:34:40Z,1
691,Carmon Littlechild,Male,2021-01-07,clittlechildj6@dyndns.org,Sa’erhusong,2021-12-06T06:38:53Z,0
692,Loleta Lifton,Female,2021-06-25,lliftonj7@yale.edu,Trosa,2021-03-11T14:14:41Z,0
693,Arel Howerd,Female,2021-05-20,ahowerdj8@ask.com,Sambonggede,2021-03-15T08:41:58Z,1
694,Bess Lupson,Female,2021-11-07,blupsonj9@economist.com,Magoúla,2021-06-07T07:02:10Z,0
695,Fabiano Hastler,Female,2021-03-07,fhastlerja@alibaba.com,Sovetakan,2021-03-26T05:54:23Z,0
696,Caro Bartolacci,Male,2021-01-20,cbartolaccijb@amazon.de,Karlstad,2021-11-12T09:44:12Z,1
697,Lacey Possell,Male,2021-11-13,lposselljc@desdev.cn,Sanjwāl,2021-03-16T22:31:09Z,0
698,Jannelle Cantera,Male,2021-06-15,jcanterajd@reference.com,Markaryd,2021-10-01T20:31:02Z,0
699,Normie Carratt,Male,2021-09-22,ncarrattje@latimes.com,Krajan Ngerdani,2021-06-10T09:12:21Z,1
700,Marsh Cran,Male,2021-02-03,mcranjf@engadget.com,Uzlovaya,2021-01-26T07:59:10Z,0
701,Alyda Currom,Female,2021-02-05,acurromjg@gizmodo.com,Cunén,2021-11-11T04:52:06Z,0
702,Dyna Burnep,Female,2021-11-02,dburnepjh@unblog.fr,Hitura,2021-12-24T23:28:19Z,1
703,Arabella Ullock,Male,2021-06-28,aullockji@google.co.jp,Kubanskiy,2021-07-21T16:12:29Z,0
704,Karlyn O'Spillane,Male,2021-05-22,kospillanejj@scribd.com,Sukamaju,2021-07-01T20:52:32Z,1
705,Jason Borlease,Female,2021-10-24,jborleasejk@about.com,Lukolela,2021-09-17T07:20:50Z,1
706,Brigitte Sebire,Male,2021-12-19,bsebirejl@unesco.org,Ta’erqi,2021-08-17T11:37:44Z,1
707,Jordain Couth,Female,2021-04-19,jcouthjm@state.gov,Jiangchuanlu,2021-11-28T12:04:30Z,1
708,Abbye Kordas,Male,2021-02-07,akordasjn@netvibes.com,Hanbin,2021-08-11T16:49:45Z,1
709,Sada Livesey,Male,2021-04-25,sliveseyjo@nifty.com,Talangnan,2021-11-08T14:18:17Z,0
710,Adamo Maymond,Male,2021-08-18,amaymondjp@globo.com,Chợ Gạo,2021-04-14T01:12:08Z,0
711,Umberto Sudlow,Male,2021-09-08,usudlowjq@stanford.edu,Tunbao,2021-05-05T16:42:39Z,0
712,Frances Diable,Male,2021-12-18,fdiablejr@pagesperso-orange.fr,Candating,2021-06-22T07:23:08Z,0
713,Charleen Hannan,Female,2021-06-18,channanjs@squarespace.com,Carpentras,2021-05-15T19:03:51Z,0
714,Charil Brimfield,Male,2021-02-16,cbrimfieldjt@noaa.gov,Sangumata,2021-01-25T07:18:47Z,1
715,Maurits Renachowski,Female,2021-09-07,mrenachowskiju@arstechnica.com,Youkounkoun,2021-08-21T12:01:42Z,1
716,Ana Pridden,Female,2021-08-23,apriddenjv@msn.com,Concórdia,2021-07-11T22:40:23Z,0
717,Gay Duguid,Male,2021-12-27,gduguidjw@123-reg.co.uk,Huntington,2021-01-24T16:33:23Z,0
718,Kass Gilligan,Female,2021-08-20,kgilliganjx@amazon.co.uk,Florida,2021-01-11T15:45:00Z,1
719,Tull Shear,Male,2021-02-17,tshearjy@macromedia.com,Khon Buri,2021-09-10T13:36:02Z,0
720,Maribeth Jeste,Female,2021-04-08,mjestejz@reverbnation.com,Zalaegerszeg,2021-10-26T21:39:59Z,0
721,Burke Whitwell,Male,2021-11-16,bwhitwellk0@macromedia.com,Metz,2021-07-21T20:43:14Z,0
722,Rhona Fulbrook,Female,2021-09-25,rfulbrookk1@hubpages.com,Solnechnogorsk,2021-09-20T10:58:33Z,1
723,Michel Shatliff,Female,2021-09-19,mshatliffk2@ebay.co.uk,Ramana,2021-08-20T06:54:03Z,1
724,Evered Fader,Female,2021-12-14,efaderk3@hostgator.com,Shangde,2021-03-09T10:26:50Z,0
725,Lavina Issitt,Male,2021-06-15,lissittk4@angelfire.com,Niopanda,2021-09-12T08:54:38Z,1
726,Worth Beaver,Female,2021-11-28,wbeaverk5@aol.com,Dadong,2021-03-28T23:58:40Z,0
727,Kendre Alasdair,Female,2021-07-12,kalasdairk6@booking.com,Ceres,2021-11-22T06:53:02Z,0
728,Hymie Elt,Female,2021-05-08,heltk7@mediafire.com,Palkino,2021-06-06T03:54:43Z,0
729,Ricca Coggles,Male,2021-06-27,rcogglesk8@stanford.edu,Bobigny,2021-11-06T03:08:31Z,0
730,Shandy McNeely,Male,2021-04-06,smcneelyk9@sitemeter.com,Tennō,2021-06-26T16:26:53Z,1
731,Siobhan Longrigg,Female,2021-09-20,slongriggka@mysql.com,Lillehammer,2021-01-04T10:48:33Z,1
732,Leopold Scheffler,Male,2021-09-25,lschefflerkb@topsy.com,Khelyulya,2021-12-07T11:18:40Z,1
733,Lynelle Moyle,Female,2021-03-24,lmoylekc@wix.com,Enriquillo,2021-07-08T06:59:27Z,1
734,Noby Ksandra,Female,2021-02-17,nksandrakd@cbc.ca,El Copey,2021-12-06T14:58:46Z,1
735,Yancey Windeatt,Male,2021-07-13,ywindeattke@cdbaby.com,Bamban,2021-08-11T12:33:08Z,1
736,Abbie Mathivon,Female,2021-01-20,amathivonkf@shutterfly.com,Ipoh,2021-08-27T18:13:47Z,1
737,Alvinia McLise,Male,2021-12-20,amclisekg@themeforest.net,Verkhniy Mamon,2021-01-06T17:38:40Z,0
738,Mae Black,Male,2021-07-29,mblackkh@epa.gov,Qīrah,2021-06-29T12:45:48Z,1
739,Nyssa Merring,Male,2021-05-03,nmerringki@va.gov,Ngembak,2021-09-20T17:24:48Z,0
740,Jeana Toohey,Female,2021-05-28,jtooheykj@deviantart.com,Stalbe,2021-09-07T02:56:30Z,0
741,Phoebe Harnor,Male,2021-06-21,pharnorkk@histats.com,Pantukan,2021-10-16T01:06:04Z,0
742,Mano Dwire,Male,2021-05-15,mdwirekl@patch.com,København,2021-07-16T21:07:28Z,1
743,Fae Dockwra,Female,2021-06-26,fdockwrakm@accuweather.com,Žlutava,2021-05-12T09:14:42Z,0
744,Aldous Drynan,Female,2021-12-21,adrynankn@cafepress.com,Ivanteyevka,2021-05-27T16:10:21Z,0
745,Shoshanna Gehrtz,Female,2021-09-08,sgehrtzko@sbwire.com,Baruta,2021-05-26T19:27:10Z,0
746,Tarah MacCrackan,Male,2021-12-10,tmaccrackankp@google.co.jp,Port-au-Prince,2021-06-09T09:17:38Z,1
747,Bucky Scotts,Male,2021-06-15,bscottskq@ifeng.com,Bafatá,2021-04-04T20:14:04Z,0
748,Ivor Biddiss,Female,2021-06-15,ibiddisskr@google.ru,Arrentela,2021-10-02T01:11:35Z,0
749,Trude Batram,Female,2021-04-27,tbatramks@jigsy.com,Barão de Cocais,2021-08-09T09:38:59Z,0
750,Rodolph D'Hooge,Male,2021-04-29,rdhoogekt@tripod.com,Pyinmana,2021-11-23T19:37:56Z,1
751,Gerda Matthensen,Female,2021-03-16,gmatthensenku@homestead.com,Pilcaniyeu,2021-10-24T06:19:11Z,0
752,Tedra Duffell,Female,2021-05-03,tduffellkv@nba.com,Lons-le-Saunier,2021-06-23T13:33:38Z,0
753,Royall Joseff,Female,2021-06-30,rjoseffkw@so-net.ne.jp,Prince Rupert,2021-04-13T22:03:55Z,0
754,Rhys Prettyjohns,Female,2021-03-23,rprettyjohnskx@google.fr,Skärholmen,2020-12-28T13:01:55Z,0
755,Bernadette Shakelade,Female,2021-02-20,bshakeladeky@europa.eu,Nàng Mau,2021-10-01T03:07:59Z,1
756,Leonelle Bengough,Female,2021-09-20,lbengoughkz@europa.eu,Hrazdan,2021-08-16T01:35:42Z,1
757,Joann Greetland,Female,2021-06-30,jgreetlandl0@reverbnation.com,Bārah,2021-05-03T01:41:28Z,0
758,Julieta Sach,Male,2021-07-02,jsachl1@live.com,Wuhu,2021-11-28T20:12:25Z,0
759,Amanda Puddifer,Female,2021-02-08,apuddiferl2@dion.ne.jp,Kcynia,2021-04-22T02:13:33Z,1
760,Larissa Bowery,Female,2021-04-16,lboweryl3@umn.edu,Boroko,2021-06-13T03:13:52Z,1
761,Bryon Marking,Male,2021-06-04,bmarkingl4@odnoklassniki.ru,Nugas,2021-04-03T08:13:12Z,1
762,Mickey Grassi,Female,2021-08-17,mgrassil5@stanford.edu,Ramat Gan,2021-08-03T08:02:40Z,0
763,Shelby Slowgrove,Female,2021-12-06,sslowgrovel6@abc.net.au,Kumberg,2021-07-31T17:17:39Z,1
764,Kaia Cescotti,Male,2021-09-20,kcescottil7@g.co,Kurjan,2021-06-12T21:56:41Z,1
765,Reagan Ducker,Female,2021-09-29,rduckerl8@pen.io,Tabuadelo,2021-12-27T01:10:17Z,1
766,Noami Comelli,Male,2021-08-07,ncomellil9@constantcontact.com,Chon Daen,2021-03-20T08:03:21Z,0
767,Irwin O'Dempsey,Male,2021-02-11,iodempseyla@ebay.co.uk,Plavsk,2021-05-29T14:45:52Z,0
768,Jarib Ruffey,Male,2021-06-27,jruffeylb@apple.com,Néa Plágia,2021-12-25T10:12:06Z,0
769,Alethea Biasini,Male,2021-12-02,abiasinilc@slashdot.org,Changning,2021-12-25T03:13:01Z,0
770,Ely MacDermott,Male,2021-08-21,emacdermottld@cafepress.com,Velký Újezd,2021-11-01T16:09:09Z,1
771,Glenine Claesens,Male,2021-06-18,gclaesensle@free.fr,Dachun,2020-12-28T01:19:24Z,0
772,Ewart Flanne,Female,2021-02-07,eflannelf@nhs.uk,El Banco,2021-05-13T02:07:52Z,0
773,Pen Storms,Male,2021-09-15,pstormslg@zimbio.com,Huicungo,2021-11-13T04:56:28Z,0
774,Leandra Wisher,Male,2021-10-24,lwisherlh@lycos.com,Šoštanj,2021-02-13T12:50:41Z,0
775,Prisca Navein,Female,2021-10-28,pnaveinli@friendfeed.com,Umunede,2021-01-07T11:02:40Z,0
776,Raquela McCue,Male,2021-08-01,rmccuelj@skype.com,Fengshuling,2021-03-12T01:05:14Z,0
777,Devan Biasioni,Male,2020-12-29,dbiasionilk@wp.com,Mislak,2021-06-04T00:02:50Z,1
778,Harmonie Khoter,Female,2021-10-14,hkhoterll@icq.com,Palmas Bellas,2021-12-13T12:20:24Z,0
779,Wain Scriver,Female,2021-07-25,wscriverlm@wired.com,Güira de Melena,2021-03-11T04:20:20Z,0
780,Lynn Crippin,Female,2021-08-18,lcrippinln@technorati.com,Concordia,2021-03-13T08:49:30Z,0
781,Caro Tacey,Female,2021-02-18,ctaceylo@wsj.com,Juegang,2021-02-25T18:05:37Z,1
782,Randene Traice,Female,2021-05-22,rtraicelp@ucoz.com,Henglin,2021-07-01T11:09:16Z,1
783,Freddi Dykas,Male,2021-11-30,fdykaslq@europa.eu,Pasonobenu,2021-12-16T03:05:02Z,1
784,Felicio Yeell,Female,2021-06-26,fyeelllr@mac.com,Aginskoye,2021-03-31T09:01:22Z,1
785,Jourdan Hathaway,Male,2021-10-09,jhathawayls@blogspot.com,Bajawa,2021-03-31T16:02:45Z,0
786,Ted Taverner,Male,2021-12-01,ttavernerlt@gov.uk,San Juan de Dios,2021-06-26T15:32:11Z,0
787,Pernell O'Criane,Female,2021-07-15,pocrianelu@cocolog-nifty.com,Kamenka,2021-01-15T09:18:47Z,0
788,Burty Kimbell,Male,2021-06-18,bkimbelllv@dion.ne.jp,Siukh,2021-08-24T08:13:48Z,1
789,Rivalee Mugg,Male,2021-12-03,rmugglw@google.com,Al Ḩammāmāt,2021-04-03T22:04:25Z,1
790,Claudian Joseff,Male,2021-12-20,cjosefflx@un.org,Ganpu,2021-04-19T17:40:27Z,1
791,Pernell Hart,Male,2021-12-09,phartly@bandcamp.com,Kidričevo,2021-07-10T09:03:35Z,0
792,Kristoffer Heasly,Female,2021-08-06,kheaslylz@gizmodo.com,Neochóri,2021-05-12T20:38:06Z,0
793,Clara Mathes,Female,2021-10-14,cmathesm0@marriott.com,Rumoi,2021-04-03T05:32:55Z,1
794,Rollin Walentynowicz,Female,2021-06-04,rwalentynowiczm1@cdbaby.com,Dzhiginka,2021-07-19T03:09:43Z,0
795,Isis Burel,Male,2021-02-06,iburelm2@ft.com,Georgiyevka,2021-03-11T01:06:13Z,0
796,Tull Daouse,Male,2021-09-20,tdaousem3@fotki.com,Shiwan,2021-01-20T14:16:21Z,0
797,Ignacius Petrusch,Female,2021-09-17,ipetruschm4@vimeo.com,Nevinnomyssk,2021-10-09T07:07:31Z,1
798,Renee Christal,Female,2021-07-11,rchristalm5@pinterest.com,Beilun,2021-07-30T08:30:03Z,1
799,Dyana Crissil,Male,2021-07-27,dcrissilm6@vistaprint.com,Hà Đông,2021-04-27T04:28:56Z,1
800,Yovonnda Iacapucci,Female,2021-01-04,yiacapuccim7@blogger.com,Arles,2021-07-15T05:59:14Z,0
801,Lavinie Yakuntsov,Male,2021-12-26,lyakuntsovm8@example.com,Huolu,2021-03-11T17:00:20Z,1
802,Gertrudis MacIlriach,Female,2021-02-21,gmacilriachm9@amazon.de,Headlands,2021-01-13T11:49:59Z,0
803,Nissie Kibblewhite,Male,2021-12-20,nkibblewhitema@about.com,Chenji,2021-11-14T07:43:35Z,1
804,Raoul Dewdney,Male,2021-12-21,rdewdneymb@google.cn,Pavliš,2021-01-26T16:41:16Z,0
805,Birgit Kamiyama,Male,2021-08-09,bkamiyamamc@pen.io,Bungsuan,2021-12-19T15:37:01Z,1
806,Quintus Medgwick,Female,2021-04-30,qmedgwickmd@berkeley.edu,Hutou,2021-02-09T18:21:41Z,0
807,Corabel Renfield,Male,2021-04-23,crenfieldme@nymag.com,Xinsheng,2021-04-17T12:03:55Z,1
808,Rosemaria Raspel,Female,2021-03-26,rraspelmf@sciencedirect.com,Pajapita,2021-10-29T09:39:37Z,1
809,Bonita Slevin,Male,2021-06-15,bslevinmg@php.net,Lebak,2021-04-28T00:10:34Z,1
810,Ring Flint,Female,2021-01-30,rflintmh@discuz.net,Cauday,2021-03-31T16:17:07Z,0
811,Tami Hacquel,Female,2021-11-07,thacquelmi@linkedin.com,Manolo Fortich,2021-06-12T20:38:01Z,0
812,Daffie Maling,Male,2021-07-18,dmalingmj@artisteer.com,Juan L. Lacaze,2021-07-23T08:12:24Z,1
813,Hilda McGrah,Female,2021-02-10,hmcgrahmk@npr.org,Zhangdiyingzi,2021-09-24T23:48:57Z,1
814,Shaina Denholm,Male,2021-06-10,sdenholmml@timesonline.co.uk,Baganga,2021-03-23T00:10:53Z,1
815,Cart Kenafaque,Female,2021-09-09,ckenafaquemm@wisc.edu,Saraktash,2021-06-24T17:04:41Z,0
816,Giorgia Filisov,Female,2021-01-19,gfilisovmn@friendfeed.com,Vanves,2021-09-30T23:02:46Z,0
817,Betteann Lenihan,Female,2021-03-04,blenihanmo@moonfruit.com,Kondrovo,2021-02-11T05:25:04Z,0
818,Randa Alliban,Male,2021-01-08,rallibanmp@php.net,Ribeirão,2021-11-05T17:38:08Z,1
819,Blanche Raithby,Female,2021-01-16,braithbymq@ovh.net,Návsí u Jablunkova,2021-04-15T10:17:47Z,0
820,Aloysius Clew,Female,2021-09-07,aclewmr@typepad.com,Lugar Novo,2021-02-18T18:16:10Z,0
821,Joscelin Souness,Male,2021-02-08,jsounessms@cmu.edu,Pende,2021-03-10T10:08:56Z,0
822,Thomasin Avramovich,Female,2021-11-26,tavramovichmt@nyu.edu,Araruama,2021-01-11T15:22:34Z,0
823,Alix Benkin,Female,2021-03-19,abenkinmu@google.cn,Marcara,2021-04-07T17:29:26Z,0
824,Sula Webermann,Male,2021-04-07,swebermannmv@dropbox.com,Oke Mesi,2021-05-10T21:26:25Z,1
825,Uri Dumingo,Female,2021-02-05,udumingomw@phpbb.com,Irapa,2021-09-01T15:56:42Z,0
826,Edvard Napthine,Male,2020-12-28,enapthinemx@uol.com.br,Thessalon,2021-04-23T13:31:20Z,1
827,Torey Laundon,Male,2021-11-18,tlaundonmy@de.vu,Manadas,2021-10-09T10:47:33Z,1
828,Korney Bangiard,Male,2021-12-19,kbangiardmz@yandex.ru,Makoko,2021-10-04T10:42:04Z,0
829,Melly Troppmann,Female,2021-05-02,mtroppmannn0@vimeo.com,Flandes,2021-11-11T16:04:14Z,0
830,Pearl Bruno,Female,2021-01-14,pbrunon1@discovery.com,Krajenka,2021-01-22T15:55:24Z,0
831,Chico Hane,Female,2021-08-06,chanen2@usgs.gov,Taohuajiang,2021-01-17T14:59:36Z,1
832,Roshelle Camplejohn,Male,2021-12-24,rcamplejohnn3@shutterfly.com,Montecarlo,2021-04-05T08:56:58Z,0
833,Nicolea Chin,Female,2021-12-22,nchinn4@goodreads.com,Karangasem,2021-02-05T10:58:56Z,0
834,Lynna Mixer,Male,2021-09-16,lmixern5@chronoengine.com,Ekerö,2021-09-09T19:18:40Z,0
835,Chelsae Slay,Male,2021-08-10,cslayn6@purevolume.com,Orlando,2021-04-21T17:20:30Z,1
836,Emilio Beavers,Male,2021-08-16,ebeaversn7@nyu.edu,Mora,2021-07-01T15:52:43Z,1
837,Violette Bobasch,Female,2021-06-18,vbobaschn8@npr.org,Xinmin,2021-08-04T03:51:00Z,1
838,Lorettalorna Rolfini,Female,2021-03-25,lrolfinin9@altervista.org,Tours,2021-11-19T15:14:52Z,1
839,Bendick Hammand,Female,2021-03-10,bhammandna@yahoo.com,Youlan,2021-12-09T03:54:27Z,1
840,Win Neat,Female,2021-12-04,wneatnb@nbcnews.com,Louisville,2021-01-11T05:55:58Z,1
841,Lorrie MacMoyer,Female,2021-05-23,lmacmoyernc@nifty.com,Komes,2021-06-17T13:23:50Z,0
842,Dennison Kelshaw,Male,2021-11-07,dkelshawnd@aol.com,Washington,2021-03-16T14:15:40Z,1
843,Cally Shitliffe,Male,2021-12-04,cshitliffene@bigcartel.com,Téra,2021-12-26T10:33:26Z,0
844,Gypsy Halliday,Female,2021-03-04,ghallidaynf@about.me,Benito Juarez,2021-02-04T02:26:04Z,0
845,Moyra Merrigan,Male,2021-07-15,mmerriganng@qq.com,Las Animas,2021-02-11T04:05:43Z,0
846,Archibold Zincke,Male,2021-05-25,azinckenh@geocities.com,Dapitan,2021-05-19T04:42:11Z,0
847,Jaimie Rowbotham,Female,2021-03-21,jrowbothamni@google.com.hk,Ziyuan,2021-08-03T10:44:59Z,1
848,Demetri Dawidsohn,Male,2021-07-15,ddawidsohnnj@odnoklassniki.ru,San José de las Lajas,2021-11-18T07:19:09Z,1
849,Chandra Agates,Male,2021-10-27,cagatesnk@geocities.com,Madrid,2021-01-19T20:01:42Z,0
850,Rollo Amorts,Male,2021-03-14,ramortsnl@nba.com,Xihe,2021-05-25T02:48:28Z,1
851,Phillipe Elliott,Female,2021-04-04,pelliottnm@howstuffworks.com,Bethanie,2021-07-20T17:58:40Z,0
852,Lisbeth Purrier,Female,2021-02-25,lpurriernn@ifeng.com,Libacao,2021-07-18T20:59:42Z,0
853,Charil Rabl,Female,2021-06-13,crablno@independent.co.uk,Mikhaylovsk,2021-06-25T15:42:07Z,0
854,William Karpol,Female,2021-04-12,wkarpolnp@engadget.com,Lagnieu,2021-06-03T11:53:04Z,1
855,Thorstein Arstall,Male,2021-12-19,tarstallnq@examiner.com,Balung Barat,2021-04-03T11:23:14Z,0
856,Stevie Casson,Male,2021-01-24,scassonnr@vkontakte.ru,Chengbei,2021-01-28T11:47:45Z,1
857,Lucais Pirkis,Female,2021-03-12,lpirkisns@irs.gov,Inabaan Sur,2021-06-13T03:29:18Z,1
858,Earvin McClenan,Male,2021-11-17,emcclenannt@de.vu,Qarah Ẕīā’ od Dīn,2021-06-23T19:13:27Z,0
859,Dorolice Donett,Male,2021-05-28,ddonettnu@angelfire.com,Motala,2021-01-19T05:17:26Z,0
860,Rachele Ianizzi,Male,2021-07-08,rianizzinv@wix.com,Thủ Thừa,2021-12-16T13:04:23Z,0
861,Kaila Greaves,Male,2021-01-07,kgreavesnw@upenn.edu,Daluo,2021-01-28T11:56:21Z,1
862,Skippie Orth,Female,2021-04-06,sorthnx@bloglovin.com,Nova Olímpia,2021-09-03T01:50:47Z,0
863,Ezequiel Goullee,Male,2021-05-19,egoulleeny@sohu.com,Cimalati,2021-10-02T09:52:08Z,0
864,Vita Uglow,Female,2021-06-29,vuglownz@xing.com,Carcassonne,2021-05-02T01:47:22Z,1
865,Harcourt Francesch,Female,2021-06-21,hfrancescho0@infoseek.co.jp,Barra do Bugres,2021-02-05T05:16:11Z,1
866,Eal Paish,Female,2021-05-20,epaisho1@mac.com,Shitouhe,2021-09-03T11:19:26Z,0
867,Carney Crocumbe,Female,2021-08-04,ccrocumbeo2@gnu.org,Kuanghe,2021-06-23T02:08:35Z,0
868,Norean Drewes,Male,2021-02-14,ndreweso3@goo.ne.jp,Lahad Datu,2021-09-23T01:31:19Z,0
869,Corly MacIlory,Male,2021-06-23,cmaciloryo4@mashable.com,Dimitrovgrad,2021-06-15T04:25:57Z,1
870,Lombard Reade,Female,2021-07-28,lreadeo5@paypal.com,Berea,2021-01-16T02:32:01Z,1
871,Christian Torrance,Male,2021-12-21,ctorranceo6@accuweather.com,Phutthaisong,2021-10-12T14:50:13Z,1
872,Caesar Klementz,Male,2021-12-03,cklementzo7@tinypic.com,Marína,2021-03-23T08:45:14Z,1
873,Bartlet Batchelor,Female,2021-06-19,bbatcheloro8@mtv.com,Kertasari,2021-12-22T08:20:33Z,0
874,Ferd Titchen,Female,2021-02-21,ftitcheno9@google.it,Zhendong,2021-03-30T16:54:28Z,1
875,Marijn Latta,Male,2021-04-09,mlattaoa@woothemes.com,Puerto Colombia,2021-11-17T05:08:13Z,1
876,Hobart Cardenas,Male,2021-04-20,hcardenasob@slideshare.net,Junín,2021-11-30T03:49:12Z,1
877,Cloris Fennick,Female,2021-11-14,cfennickoc@blogspot.com,Valle de Ángeles,2021-03-10T13:46:48Z,0
878,Perry Ethelstone,Female,2021-03-06,pethelstoneod@washington.edu,Belén,2021-03-09T22:29:52Z,1
879,Marsiella Drinnan,Female,2021-10-14,mdrinnanoe@goo.gl,Manzil Bū Zalafah,2021-09-26T13:54:07Z,1
880,Marianna Milnes,Female,2021-01-25,mmilnesof@delicious.com,Chumikan,2021-10-15T18:12:06Z,0
881,Geoff Hassent,Female,2021-05-24,ghassentog@simplemachines.org,Liuji,2021-02-08T17:16:38Z,1
882,Symon Shergold,Female,2021-04-09,sshergoldoh@mtv.com,Losino-Petrovskiy,2021-11-03T20:40:24Z,0
883,Ester Admans,Male,2021-03-28,eadmansoi@ustream.tv,Dunkerque,2021-05-26T14:45:49Z,0
884,Teddi Luney,Female,2021-02-19,tluneyoj@youtube.com,Ad Dawḩah,2021-12-09T13:36:36Z,0
885,Nathalie Gentzsch,Female,2021-12-10,ngentzschok@upenn.edu,San Jerónimo,2021-11-11T18:43:22Z,0
886,Clark Birkett,Male,2021-03-05,cbirkettol@cbc.ca,Gryfino,2021-03-01T22:20:37Z,1
887,Deborah Ceschelli,Female,2021-03-21,dceschelliom@devhub.com,Nepalgunj,2021-02-18T09:10:35Z,0
888,Dal Gillies,Female,2021-06-26,dgillieson@drupal.org,Plyeshchanitsy,2021-09-11T07:09:08Z,0
889,Talyah Oxenden,Male,2021-07-28,toxendenoo@mac.com,Cabrobó,2021-11-30T20:57:46Z,1
890,Zilvia McQuirk,Female,2021-07-17,zmcquirkop@yandex.ru,Binagadi,2021-06-12T13:53:26Z,1
891,Welbie Scapens,Female,2021-02-26,wscapensoq@virginia.edu,Wupu,2021-08-20T07:21:07Z,1
892,Gino Kendal,Male,2021-01-19,gkendalor@wufoo.com,Mekarsari,2021-12-17T23:37:56Z,1
893,Mab Simenel,Male,2021-03-10,msimenelos@sitemeter.com,Laliki,2021-10-02T13:11:13Z,0
894,Joellyn Trethowan,Male,2021-04-12,jtrethowanot@purevolume.com,Kozhevnikovo,2021-06-01T17:04:16Z,0
895,Dannie Glander,Female,2021-12-13,dglanderou@naver.com,Dobra,2021-01-26T20:46:40Z,0
896,Sol Chamney,Male,2021-02-11,schamneyov@ezinearticles.com,Zhangjiayuan,2021-01-31T12:26:49Z,0
897,Erskine Geroldi,Male,2021-08-17,egeroldiow@etsy.com,La Tour-du-Pin,2021-12-04T20:36:17Z,0
898,Caprice Brownsworth,Male,2021-05-15,cbrownsworthox@oaic.gov.au,Kuala Lumpur,2021-11-29T16:10:52Z,1
899,Cacilie Garlinge,Male,2021-06-08,cgarlingeoy@rediff.com,Yanggu’ao,2021-02-28T15:41:35Z,1
900,Billi Heaney`,Female,2021-08-24,bheaneyoz@linkedin.com,Maopingchang,2021-03-03T04:08:38Z,1
901,Verge Heibl,Male,2021-05-06,vheiblp0@samsung.com,Carrascal,2021-12-09T11:49:21Z,0
902,Joye Georg,Male,2021-01-10,jgeorgp1@marriott.com,Haicheng,2021-06-30T02:37:19Z,0
903,Chaddy Tomsett,Female,2020-12-29,ctomsettp2@alibaba.com,Little Current,2021-04-02T12:09:47Z,1
904,Cassius Quinion,Female,2021-06-22,cquinionp3@techcrunch.com,Huadi,2021-03-03T23:21:18Z,1
905,Linc Newborn,Female,2021-02-16,lnewbornp4@macromedia.com,Uummannaq,2021-06-17T01:13:30Z,1
906,Angel Kenna,Male,2021-06-04,akennap5@huffingtonpost.com,Bamenda,2021-04-09T08:27:27Z,1
907,Gerrilee Hartless,Female,2021-03-31,ghartlessp6@weebly.com,Odawara,2021-07-07T23:47:55Z,1
908,Eolanda Floweth,Female,2021-01-05,eflowethp7@cafepress.com,Dagua,2021-06-12T05:57:06Z,1
909,Irene O' Mara,Male,2021-02-03,iop8@prnewswire.com,Cibangun Tengah,2021-10-10T00:16:39Z,0
910,Ladonna Rootes,Female,2021-11-03,lrootesp9@google.pl,Owen Sound,2021-06-29T04:14:58Z,0
911,Benton Pinck,Female,2021-04-13,bpinckpa@unc.edu,Nossa Senhora do Socorro,2021-05-17T19:13:22Z,0
912,Glennis Harnwell,Male,2021-06-23,gharnwellpb@soup.io,Tsukumiura,2021-03-01T10:07:54Z,0
913,Seline Ciobotaro,Female,2021-11-23,sciobotaropc@hud.gov,Nancy,2021-08-17T07:49:44Z,1
914,Martita Flecknell,Female,2021-09-10,mflecknellpd@reddit.com,Hashimoto,2021-10-16T08:03:47Z,0
915,Ashlee Simmins,Female,2021-06-15,asimminspe@netvibes.com,Molde,2021-08-09T00:09:31Z,0
916,Gloria Waddoups,Female,2021-06-01,gwaddoupspf@etsy.com,Gulai,2021-02-19T15:20:14Z,1
917,Bunny Sheraton,Male,2021-03-13,bsheratonpg@hp.com,Arapongas,2021-12-01T02:58:43Z,1
918,Charlotta Warton,Male,2021-08-27,cwartonph@cdc.gov,Yangxipu,2021-08-22T10:55:25Z,1
919,Giselbert Dowles,Male,2021-11-20,gdowlespi@skyrock.com,Starokucherganovka,2021-04-15T21:38:59Z,1
920,Jacqueline Screach,Male,2021-11-13,jscreachpj@ed.gov,Xipu,2021-12-21T07:24:29Z,0
921,Arlette Abramowsky,Male,2021-02-17,aabramowskypk@amazon.co.uk,Timbrangan,2021-06-06T02:22:04Z,0
922,Michal Beever,Male,2021-04-22,mbeeverpl@ycombinator.com,Krasnotorka,2021-12-13T04:32:30Z,0
923,Bentlee Godrich,Male,2021-10-18,bgodrichpm@eventbrite.com,Ash Shuqayrah,2021-07-31T15:33:03Z,1
924,Tamar Tolliday,Male,2021-02-20,ttollidaypn@wp.com,Tulsīpur,2021-02-03T09:46:56Z,1
925,Enoch Marriner,Female,2021-01-18,emarrinerpo@businessinsider.com,Anaráchi,2021-02-03T05:19:06Z,1
926,Celle Snodden,Female,2021-07-31,csnoddenpp@harvard.edu,Oke Ila,2021-02-05T16:13:43Z,1
927,Mina Cucuzza,Female,2021-03-19,mcucuzzapq@google.com.br,Yangshufang,2021-08-05T17:57:50Z,1
928,Wilfrid Jaray,Male,2021-12-02,wjaraypr@lycos.com,Gandusari,2021-12-10T14:45:42Z,0
929,Krysta Boag,Female,2021-09-07,kboagps@uiuc.edu,Hexi,2021-06-25T22:08:36Z,1
930,Sheppard Rampage,Male,2021-06-11,srampagept@mashable.com,Calvário,2021-07-17T03:28:07Z,0
931,Merralee Ferandez,Female,2021-08-23,mferandezpu@unicef.org,Juazeiro do Norte,2021-05-13T23:28:55Z,1
932,Markos Jobling,Female,2021-02-21,mjoblingpv@dailymotion.com,Starý Bohumín,2021-03-29T11:54:09Z,1
933,Audry Beart,Female,2021-10-26,abeartpw@vistaprint.com,Zhongdong,2021-01-04T11:00:07Z,1
934,Sela M'Chirrie,Male,2021-08-24,smchirriepx@salon.com,Sanjwāl,2021-05-02T21:45:57Z,1
935,Ricky Downer,Female,2021-07-25,rdownerpy@elpais.com,Niuzhuang,2021-02-21T17:04:14Z,1
936,Audy Wiffler,Male,2021-10-26,awifflerpz@imdb.com,Plateliai,2021-12-08T23:18:56Z,0
937,Brianna Freke,Male,2021-11-26,bfrekeq0@de.vu,Paitan Este,2021-01-03T09:55:29Z,0
938,Arlene Lassell,Female,2021-03-12,alassellq1@reverbnation.com,Meixian,2021-05-31T23:26:06Z,0
939,Luce Winkell,Female,2021-05-21,lwinkellq2@e-recht24.de,Arzila,2021-08-25T23:03:21Z,1
940,Cherise Diamant,Male,2020-12-29,cdiamantq3@nps.gov,Kuala Terengganu,2021-10-31T05:28:30Z,0
941,Odele Comberbeach,Male,2021-10-14,ocomberbeachq4@networksolutions.com,Ilek,2021-06-29T09:46:39Z,1
942,Sansone Faithfull,Female,2021-07-10,sfaithfullq5@yahoo.com,Skövde,2021-08-18T04:37:55Z,1
943,Dexter Ivakhin,Male,2021-12-21,divakhinq6@wisc.edu,Tunasbaru,2021-08-13T21:12:13Z,1
944,Eyde Chansonnau,Female,2021-07-17,echansonnauq7@vkontakte.ru,Fernando Gutierrez Barrios,2021-11-15T09:27:11Z,0
945,Robenia Checci,Male,2021-03-24,rchecciq8@ox.ac.uk,Bosobolo,2021-10-14T17:09:11Z,1
946,Averill Udden,Male,2021-07-22,auddenq9@multiply.com,Golem,2021-05-08T22:50:58Z,1
947,Kit Savage,Male,2021-05-01,ksavageqa@issuu.com,Arbeláez,2021-01-24T00:18:00Z,1
948,Laney Elkin,Male,2021-11-19,lelkinqb@imgur.com,Ruchihe,2021-09-06T07:07:28Z,0
949,Gaylor Syrad,Male,2021-11-28,gsyradqc@java.com,Alfenas,2021-08-07T21:56:30Z,1
950,Margaretha Margett,Female,2021-03-24,mmargettqd@prweb.com,Alqueidão,2021-07-08T22:27:43Z,1
951,Kit Moriarty,Male,2021-01-21,kmoriartyqe@topsy.com,Shtip,2021-03-15T11:23:05Z,1
952,Stanwood Studeart,Female,2021-05-14,sstudeartqf@bloglovin.com,Lena,2021-03-17T11:34:19Z,0
953,Yardley Rheam,Male,2021-03-04,yrheamqg@gov.uk,Bacelo,2021-01-11T11:15:42Z,0
954,Gherardo Hentze,Female,2021-07-08,ghentzeqh@aboutads.info,Pilar,2021-05-08T17:46:05Z,0
955,Almeda Shall,Female,2021-05-09,ashallqi@dropbox.com,Kolokani,2021-02-15T11:21:03Z,1
956,Brietta Gorries,Male,2021-07-09,bgorriesqj@wix.com,Hobonio,2021-09-27T02:31:06Z,1
957,Oliy O'Rourke,Female,2021-11-18,oorourkeqk@purevolume.com,Ternopil’,2021-12-02T17:40:35Z,1
958,Patrizia Shead,Male,2021-09-21,psheadql@about.me,Guoduwan,2021-06-12T23:42:50Z,0
959,Zack Mulholland,Male,2021-03-27,zmulhollandqm@squidoo.com,Monte-Carlo,2021-07-26T02:18:22Z,1
960,Jedediah Bedwell,Female,2021-07-12,jbedwellqn@home.pl,Alejo Ledesma,2021-03-09T05:17:11Z,1
961,Portie Beakes,Female,2021-04-03,pbeakesqo@php.net,Yonghe,2021-09-01T18:09:59Z,1
962,Enrique Dominighi,Female,2021-02-21,edominighiqp@latimes.com,Nanmu,2021-10-28T22:20:31Z,1
963,Truda Plet,Male,2021-02-09,tpletqq@un.org,Vostryakovo,2021-12-20T17:39:42Z,1
964,Miranda Gozzett,Female,2021-04-01,mgozzettqr@xrea.com,Shenwan,2021-02-10T10:51:43Z,1
965,Galvan Learmonth,Male,2021-11-12,glearmonthqs@gizmodo.com,Doushaguan,2021-11-19T06:38:57Z,1
966,Hiram Feldberg,Female,2021-10-05,hfeldbergqt@chicagotribune.com,Raleigh,2021-06-12T01:14:24Z,0
967,Klara Bence,Male,2021-02-21,kbencequ@people.com.cn,Tiron,2021-01-11T07:03:34Z,0
968,Nady Merdew,Female,2021-06-21,nmerdewqv@google.com.br,Jilili,2021-04-02T20:56:47Z,0
969,Fern Pareman,Male,2021-10-27,fparemanqw@reddit.com,Zhirnovsk,2021-08-18T14:15:01Z,0
970,Gretna Balser,Female,2021-02-02,gbalserqx@edublogs.org,Baon,2021-11-18T08:02:35Z,1
971,Benjamin Willan,Male,2021-01-04,bwillanqy@wordpress.com,San Remigio,2021-10-06T23:57:33Z,1
972,Sapphire Windrass,Female,2021-09-12,swindrassqz@symantec.com,Gorjani,2021-10-15T18:25:44Z,1
973,Sasha Hansie,Female,2021-11-21,shansier0@rediff.com,Ängelholm,2021-01-21T09:23:26Z,1
974,Pooh Canfield,Male,2021-01-21,pcanfieldr1@fotki.com,Kuanheum,2021-05-31T16:49:58Z,0
975,Clarke Jayes,Female,2021-07-17,cjayesr2@comcast.net,Shidong,2021-05-24T08:38:42Z,0
976,Isaiah Noke,Male,2021-04-13,inoker3@imdb.com,Strellc i Epërm,2021-05-20T22:48:50Z,1
977,Emmie Corro,Male,2021-02-08,ecorror4@newyorker.com,El Rosario,2021-01-03T01:07:33Z,1
978,Dukie Compson,Female,2021-04-27,dcompsonr5@reverbnation.com,Bol’shoy Kamen’,2021-09-12T06:37:50Z,1
979,Peadar Raiment,Female,2020-12-29,praimentr6@archive.org,Singkup,2021-10-28T13:17:19Z,1
980,Reggis Paolacci,Male,2021-11-25,rpaolaccir7@sciencedaily.com,Taiping,2021-08-08T22:46:28Z,0
981,Darb Blazewicz,Male,2021-12-15,dblazewiczr8@oracle.com,Jahāniān Shāh,2021-03-10T04:13:21Z,1
982,Blondy MacCrachen,Male,2021-03-11,bmaccrachenr9@exblog.jp,Uren’,2021-02-17T01:34:11Z,0
983,Dorey Shwenn,Female,2021-11-23,dshwennra@time.com,Zongluzui,2021-05-04T01:44:47Z,0
984,Barbi Skudder,Male,2021-01-20,bskudderrb@moonfruit.com,Mambi,2021-09-10T13:24:59Z,1
985,Carson Diboll,Female,2021-06-16,cdibollrc@webs.com,Trinidad,2021-01-27T21:58:56Z,0
986,Zebulen Bradfield,Male,2021-11-14,zbradfieldrd@pen.io,Ar Rumaythah,2021-01-08T09:14:46Z,0
987,Lyman Maybury,Female,2021-11-19,lmayburyre@wisc.edu,Washington,2021-03-09T09:13:53Z,0
988,Abbye Wynes,Female,2021-11-01,awynesrf@i2i.jp,Łękawica,2021-01-26T12:50:12Z,0
989,Tory Sobczak,Female,2021-03-21,tsobczakrg@artisteer.com,Rancakole,2021-09-17T08:09:14Z,0
990,Grata Volonte,Male,2021-12-09,gvolonterh@domainmarket.com,Ryki,2021-07-03T04:36:28Z,1
991,Tirrell Oseland,Female,2021-03-27,toselandri@sitemeter.com,Notranje Gorice,2021-12-03T07:27:46Z,0
992,Zollie Podmore,Female,2021-08-21,zpodmorerj@macromedia.com,Srebrenik,2021-06-06T15:41:29Z,0
993,Kinnie Strattan,Male,2020-12-31,kstrattanrk@wikispaces.com,La Floresta,2021-10-08T00:57:48Z,1
994,Marshal Pendred,Male,2021-09-13,mpendredrl@nymag.com,Lelystad,2021-09-19T10:59:21Z,1
995,Evered Karmel,Male,2021-11-30,ekarmelrm@ucoz.ru,Oekuu,2021-09-26T21:39:59Z,1
996,Deana Cockshut,Female,2021-02-13,dcockshutrn@who.int,Celica,2021-09-11T20:49:09Z,0
997,Arley Paolini,Female,2021-08-06,apaoliniro@icio.us,Réo,2021-03-20T04:54:44Z,1
998,Astra Farrer,Female,2021-09-26,afarrerrp@ask.com,Concepcion,2021-05-14T21:36:36Z,0
999,Dyan Hawk,Female,2021-01-01,dhawkrq@yahoo.com,Pereira,2021-03-26T23:22:15Z,0
1000,Andra Andrin,Female,2021-08-07,aandrinrr@ted.com,Paulínia,2021-03-01T11:14:35Z,0
